race_id,date,venue,race_no,issues,source_detail
202501020102,2025-08-23,札幌,2,course_meta_missing,https://db.netkeiba.com/race/202501020102/
202501020104,2025-08-23,札幌,4,course_meta_missing,https://db.netkeiba.com/race/202501020104/
202501020108,2025-08-23,札幌,8,course_meta_missing,https://db.netkeiba.com/race/202501020108/
202501020112,2025-08-23,札幌,12,course_meta_missing,https://db.netkeiba.com/race/202501020112/
202504030102,2025-08-23,新潟,2,course_meta_missing,https://db.netkeiba.com/race/202504030102/
202504030106,2025-08-23,新潟,6,course_meta_missing,https://db.netkeiba.com/race/202504030106/
202504030109,2025-08-23,新潟,9,course_meta_missing,https://db.netkeiba.com/race/202504030109/
202504030108,2025-08-23,新潟,8,course_meta_missing,https://db.netkeiba.com/race/202504030108/
202504030111,2025-08-23,新潟,11,course_meta_missing,https://db.netkeiba.com/race/202504030111/
202507040102,2025-08-23,中京,2,course_meta_missing,https://db.netkeiba.com/race/202507040102/
202507040106,2025-08-23,中京,6,course_meta_missing,https://db.netkeiba.com/race/202507040106/
202507040107,2025-08-23,中京,7,course_meta_missing,https://db.netkeiba.com/race/202507040107/
202507040111,2025-08-23,中京,11,course_meta_missing,https://db.netkeiba.com/race/202507040111/
202507040112,2025-08-23,中京,12,course_meta_missing,https://db.netkeiba.com/race/202507040112/
202501020201,2025-08-24,札幌,1,course_meta_missing,https://db.netkeiba.com/race/202501020201/
202501020203,2025-08-24,札幌,3,course_meta_missing,https://db.netkeiba.com/race/202501020203/
202501020207,2025-08-24,札幌,7,course_meta_missing,https://db.netkeiba.com/race/202501020207/
202501020208,2025-08-24,札幌,8,course_meta_missing,https://db.netkeiba.com/race/202501020208/
202501020210,2025-08-24,札幌,10,course_meta_missing,https://db.netkeiba.com/race/202501020210/
202504030202,2025-08-24,新潟,2,course_meta_missing,https://db.netkeiba.com/race/202504030202/
202504030204,2025-08-24,新潟,4,course_meta_missing,https://db.netkeiba.com/race/202504030204/
202504030208,2025-08-24,新潟,8,course_meta_missing,https://db.netkeiba.com/race/202504030208/
202504030212,2025-08-24,新潟,12,course_meta_missing,https://db.netkeiba.com/race/202504030212/
202507040202,2025-08-24,中京,2,course_meta_missing,https://db.netkeiba.com/race/202507040202/
202507040204,2025-08-24,中京,4,course_meta_missing,https://db.netkeiba.com/race/202507040204/
202507040207,2025-08-24,中京,7,course_meta_missing,https://db.netkeiba.com/race/202507040207/
202507040210,2025-08-24,中京,10,course_meta_missing,https://db.netkeiba.com/race/202507040210/
202507040212,2025-08-24,中京,12,course_meta_missing,https://db.netkeiba.com/race/202507040212/
202501020303,2025-08-30,札幌,3,course_meta_missing,https://db.netkeiba.com/race/202501020303/
202501020305,2025-08-30,札幌,5,course_meta_missing,https://db.netkeiba.com/race/202501020305/
202501020307,2025-08-30,札幌,7,course_meta_missing,https://db.netkeiba.com/race/202501020307/
202501020308,2025-08-30,札幌,8,course_meta_missing,https://db.netkeiba.com/race/202501020308/
202501020310,2025-08-30,札幌,10,course_meta_missing,https://db.netkeiba.com/race/202501020310/
202504030302,2025-08-30,新潟,2,course_meta_missing,https://db.netkeiba.com/race/202504030302/
202504030304,2025-08-30,新潟,4,course_meta_missing,https://db.netkeiba.com/race/202504030304/
202504030308,2025-08-30,新潟,8,course_meta_missing,https://db.netkeiba.com/race/202504030308/
202507040302,2025-08-30,中京,2,course_meta_missing,https://db.netkeiba.com/race/202507040302/
202504030312,2025-08-30,新潟,12,course_meta_missing,https://db.netkeiba.com/race/202504030312/
202507040304,2025-08-30,中京,4,course_meta_missing,https://db.netkeiba.com/race/202507040304/
202507040307,2025-08-30,中京,7,course_meta_missing,https://db.netkeiba.com/race/202507040307/
202507040309,2025-08-30,中京,9,course_meta_missing,https://db.netkeiba.com/race/202507040309/
202507040312,2025-08-30,中京,12,course_meta_missing,https://db.netkeiba.com/race/202507040312/
202507040311,2025-08-30,中京,11,course_meta_missing,https://db.netkeiba.com/race/202507040311/
202501020403,2025-08-31,札幌,3,course_meta_missing,https://db.netkeiba.com/race/202501020403/
202501020402,2025-08-31,札幌,2,course_meta_missing,https://db.netkeiba.com/race/202501020402/
202501020406,2025-08-31,札幌,6,course_meta_missing,https://db.netkeiba.com/race/202501020406/
202501020408,2025-08-31,札幌,8,course_meta_missing,https://db.netkeiba.com/race/202501020408/
202504030402,2025-08-31,新潟,2,course_meta_missing,https://db.netkeiba.com/race/202504030402/
202501020412,2025-08-31,札幌,12,course_meta_missing,https://db.netkeiba.com/race/202501020412/
202504030406,2025-08-31,新潟,6,course_meta_missing,https://db.netkeiba.com/race/202504030406/
202504030407,2025-08-31,新潟,7,course_meta_missing,https://db.netkeiba.com/race/202504030407/
202504030410,2025-08-31,新潟,10,course_meta_missing,https://db.netkeiba.com/race/202504030410/
202507040404,2025-08-31,中京,4,course_meta_missing,https://db.netkeiba.com/race/202507040404/
202507040402,2025-08-31,中京,2,course_meta_missing,https://db.netkeiba.com/race/202507040402/
202507040407,2025-08-31,中京,7,course_meta_missing,https://db.netkeiba.com/race/202507040407/
202507040410,2025-08-31,中京,10,course_meta_missing,https://db.netkeiba.com/race/202507040410/
202507040412,2025-08-31,中京,12,course_meta_missing,https://db.netkeiba.com/race/202507040412/
202501020501,2025-09-06,札幌,1,course_meta_missing,https://db.netkeiba.com/race/202501020501/
202501020503,2025-09-06,札幌,3,course_meta_missing,https://db.netkeiba.com/race/202501020503/
202501020508,2025-09-06,札幌,8,course_meta_missing,https://db.netkeiba.com/race/202501020508/
202501020506,2025-09-06,札幌,6,course_meta_missing,https://db.netkeiba.com/race/202501020506/
202501020512,2025-09-06,札幌,12,course_meta_missing,https://db.netkeiba.com/race/202501020512/
202506040103,2025-09-06,中山,3,course_meta_missing,https://db.netkeiba.com/race/202506040103/
202506040104,2025-09-06,中山,4,course_meta_missing,https://db.netkeiba.com/race/202506040104/
202506040106,2025-09-06,中山,6,course_meta_missing,https://db.netkeiba.com/race/202506040106/
202506040108,2025-09-06,中山,8,course_meta_missing,https://db.netkeiba.com/race/202506040108/
202506040112,2025-09-06,中山,12,course_meta_missing,https://db.netkeiba.com/race/202506040112/
202509040101,2025-09-06,阪神,1,course_meta_missing,https://db.netkeiba.com/race/202509040101/
202509040103,2025-09-06,阪神,3,course_meta_missing,https://db.netkeiba.com/race/202509040103/
202509040106,2025-09-06,阪神,6,course_meta_missing,https://db.netkeiba.com/race/202509040106/
202509040109,2025-09-06,阪神,9,course_meta_missing,https://db.netkeiba.com/race/202509040109/
202509040111,2025-09-06,阪神,11,course_meta_missing,https://db.netkeiba.com/race/202509040111/
202509040112,2025-09-06,阪神,12,course_meta_missing,https://db.netkeiba.com/race/202509040112/
202501020605,2025-09-07,札幌,5,course_meta_missing,https://db.netkeiba.com/race/202501020605/
202501020606,2025-09-07,札幌,6,course_meta_missing,https://db.netkeiba.com/race/202501020606/
202501020603,2025-09-07,札幌,3,course_meta_missing,https://db.netkeiba.com/race/202501020603/
202501020609,2025-09-07,札幌,9,course_meta_missing,https://db.netkeiba.com/race/202501020609/
202501020612,2025-09-07,札幌,12,course_meta_missing,https://db.netkeiba.com/race/202501020612/
202506040206,2025-09-07,中山,6,course_meta_missing,https://db.netkeiba.com/race/202506040206/
202506040203,2025-09-07,中山,3,course_meta_missing,https://db.netkeiba.com/race/202506040203/
202506040208,2025-09-07,中山,8,course_meta_missing,https://db.netkeiba.com/race/202506040208/
202506040209,2025-09-07,中山,9,course_meta_missing,https://db.netkeiba.com/race/202506040209/
202506040207,2025-09-07,中山,7,course_meta_missing,https://db.netkeiba.com/race/202506040207/
202509040201,2025-09-07,阪神,1,course_meta_missing,https://db.netkeiba.com/race/202509040201/
202509040203,2025-09-07,阪神,3,course_meta_missing,https://db.netkeiba.com/race/202509040203/
202509040206,2025-09-07,阪神,6,course_meta_missing,https://db.netkeiba.com/race/202509040206/
202509040207,2025-09-07,阪神,7,course_meta_missing,https://db.netkeiba.com/race/202509040207/
202509040210,2025-09-07,阪神,10,course_meta_missing,https://db.netkeiba.com/race/202509040210/
202509040212,2025-09-07,阪神,12,course_meta_missing,https://db.netkeiba.com/race/202509040212/
202506040301,2025-09-13,中山,1,course_meta_missing,https://db.netkeiba.com/race/202506040301/
202506040303,2025-09-13,中山,3,course_meta_missing,https://db.netkeiba.com/race/202506040303/
202506040307,2025-09-13,中山,7,course_meta_missing,https://db.netkeiba.com/race/202506040307/
202506040308,2025-09-13,中山,8,course_meta_missing,https://db.netkeiba.com/race/202506040308/
202506040309,2025-09-13,中山,9,course_meta_missing,https://db.netkeiba.com/race/202506040309/
202506040311,2025-09-13,中山,11,course_meta_missing,https://db.netkeiba.com/race/202506040311/
202509040302,2025-09-13,阪神,2,course_meta_missing,https://db.netkeiba.com/race/202509040302/
202509040301,2025-09-13,阪神,1,course_meta_missing,https://db.netkeiba.com/race/202509040301/
202509040304,2025-09-13,阪神,4,course_meta_missing,https://db.netkeiba.com/race/202509040304/
202509040306,2025-09-13,阪神,6,course_meta_missing,https://db.netkeiba.com/race/202509040306/
202509040310,2025-09-13,阪神,10,course_meta_missing,https://db.netkeiba.com/race/202509040310/
202509040312,2025-09-13,阪神,12,course_meta_missing,https://db.netkeiba.com/race/202509040312/
202506040404,2025-09-14,中山,4,course_meta_missing,https://db.netkeiba.com/race/202506040404/
202506040403,2025-09-14,中山,3,course_meta_missing,https://db.netkeiba.com/race/202506040403/
202506040406,2025-09-14,中山,6,course_meta_missing,https://db.netkeiba.com/race/202506040406/
202506040408,2025-09-14,中山,8,course_meta_missing,https://db.netkeiba.com/race/202506040408/
202506040411,2025-09-14,中山,11,course_meta_missing,https://db.netkeiba.com/race/202506040411/
202509040401,2025-09-14,阪神,1,course_meta_missing,https://db.netkeiba.com/race/202509040401/
202509040404,2025-09-14,阪神,4,course_meta_missing,https://db.netkeiba.com/race/202509040404/
202509040406,2025-09-14,阪神,6,course_meta_missing,https://db.netkeiba.com/race/202509040406/
202509040403,2025-09-14,阪神,3,course_meta_missing,https://db.netkeiba.com/race/202509040403/
202509040408,2025-09-14,阪神,8,course_meta_missing,https://db.netkeiba.com/race/202509040408/
202509040412,2025-09-14,阪神,12,course_meta_missing,https://db.netkeiba.com/race/202509040412/
202506040503,2025-09-15,中山,3,course_meta_missing,https://db.netkeiba.com/race/202506040503/
202506040501,2025-09-15,中山,1,course_meta_missing,https://db.netkeiba.com/race/202506040501/
202506040506,2025-09-15,中山,6,course_meta_missing,https://db.netkeiba.com/race/202506040506/
202506040509,2025-09-15,中山,9,course_meta_missing,https://db.netkeiba.com/race/202506040509/
202506040507,2025-09-15,中山,7,course_meta_missing,https://db.netkeiba.com/race/202506040507/
202506040512,2025-09-15,中山,12,course_meta_missing,https://db.netkeiba.com/race/202506040512/
202509040504,2025-09-15,阪神,4,course_meta_missing,https://db.netkeiba.com/race/202509040504/
202509040507,2025-09-15,阪神,7,course_meta_missing,https://db.netkeiba.com/race/202509040507/
202509040509,2025-09-15,阪神,9,course_meta_missing,https://db.netkeiba.com/race/202509040509/
202509040511,2025-09-15,阪神,11,course_meta_missing,https://db.netkeiba.com/race/202509040511/
202509040512,2025-09-15,阪神,12,course_meta_missing,https://db.netkeiba.com/race/202509040512/
202506040601,2025-09-20,中山,1,course_meta_missing,https://db.netkeiba.com/race/202506040601/
202506040603,2025-09-20,中山,3,course_meta_missing,https://db.netkeiba.com/race/202506040603/
202506040606,2025-09-20,中山,6,course_meta_missing,https://db.netkeiba.com/race/202506040606/
202506040608,2025-09-20,中山,8,course_meta_missing,https://db.netkeiba.com/race/202506040608/
202509040601,2025-09-20,阪神,1,course_meta_missing,https://db.netkeiba.com/race/202509040601/
202506040612,2025-09-20,中山,12,course_meta_missing,https://db.netkeiba.com/race/202506040612/
202506040611,2025-09-20,中山,11,course_meta_missing,https://db.netkeiba.com/race/202506040611/
202509040603,2025-09-20,阪神,3,course_meta_missing,https://db.netkeiba.com/race/202509040603/
202509040606,2025-09-20,阪神,6,course_meta_missing,https://db.netkeiba.com/race/202509040606/
202509040609,2025-09-20,阪神,9,course_meta_missing,https://db.netkeiba.com/race/202509040609/
202509040611,2025-09-20,阪神,11,course_meta_missing,https://db.netkeiba.com/race/202509040611/
202509040612,2025-09-20,阪神,12,course_meta_missing,https://db.netkeiba.com/race/202509040612/
202506040704,2025-09-21,中山,4,course_meta_missing,https://db.netkeiba.com/race/202506040704/
202506040702,2025-09-21,中山,2,course_meta_missing,https://db.netkeiba.com/race/202506040702/
202506040706,2025-09-21,中山,6,course_meta_missing,https://db.netkeiba.com/race/202506040706/
202506040707,2025-09-21,中山,7,course_meta_missing,https://db.netkeiba.com/race/202506040707/
202506040710,2025-09-21,中山,10,course_meta_missing,https://db.netkeiba.com/race/202506040710/
202506040712,2025-09-21,中山,12,course_meta_missing,https://db.netkeiba.com/race/202506040712/
202509040704,2025-09-21,阪神,4,course_meta_missing,https://db.netkeiba.com/race/202509040704/
202509040703,2025-09-21,阪神,3,course_meta_missing,https://db.netkeiba.com/race/202509040703/
202509040708,2025-09-21,阪神,8,course_meta_missing,https://db.netkeiba.com/race/202509040708/
202509040706,2025-09-21,阪神,6,course_meta_missing,https://db.netkeiba.com/race/202509040706/
202509040712,2025-09-21,阪神,12,course_meta_missing,https://db.netkeiba.com/race/202509040712/
202506040803,2025-09-27,中山,3,course_meta_missing,https://db.netkeiba.com/race/202506040803/
202506040804,2025-09-27,中山,4,course_meta_missing,https://db.netkeiba.com/race/202506040804/
202506040808,2025-09-27,中山,8,course_meta_missing,https://db.netkeiba.com/race/202506040808/
202506040806,2025-09-27,中山,6,course_meta_missing,https://db.netkeiba.com/race/202506040806/
202506040812,2025-09-27,中山,12,course_meta_missing,https://db.netkeiba.com/race/202506040812/
202509040801,2025-09-27,阪神,1,course_meta_missing,https://db.netkeiba.com/race/202509040801/
202509040802,2025-09-27,阪神,2,course_meta_missing,https://db.netkeiba.com/race/202509040802/
202509040806,2025-09-27,阪神,6,course_meta_missing,https://db.netkeiba.com/race/202509040806/
202509040811,2025-09-27,阪神,11,course_meta_missing,https://db.netkeiba.com/race/202509040811/
202509040809,2025-09-27,阪神,9,course_meta_missing,https://db.netkeiba.com/race/202509040809/
202509040812,2025-09-27,阪神,12,course_meta_missing,https://db.netkeiba.com/race/202509040812/
202506040901,2025-09-28,中山,1,course_meta_missing,https://db.netkeiba.com/race/202506040901/
202506040904,2025-09-28,中山,4,course_meta_missing,https://db.netkeiba.com/race/202506040904/
202506040906,2025-09-28,中山,6,course_meta_missing,https://db.netkeiba.com/race/202506040906/
202506040908,2025-09-28,中山,8,course_meta_missing,https://db.netkeiba.com/race/202506040908/
202506040912,2025-09-28,中山,12,course_meta_missing,https://db.netkeiba.com/race/202506040912/
202509040904,2025-09-28,阪神,4,course_meta_missing,https://db.netkeiba.com/race/202509040904/
202509040906,2025-09-28,阪神,6,course_meta_missing,https://db.netkeiba.com/race/202509040906/
202509040907,2025-09-28,阪神,7,course_meta_missing,https://db.netkeiba.com/race/202509040907/
202509040910,2025-09-28,阪神,10,course_meta_missing,https://db.netkeiba.com/race/202509040910/
202505040101,2025-10-04,東京,1,course_meta_missing,https://db.netkeiba.com/race/202505040101/
202509040912,2025-09-28,阪神,12,course_meta_missing,https://db.netkeiba.com/race/202509040912/
202505040106,2025-10-04,東京,6,course_meta_missing,https://db.netkeiba.com/race/202505040106/
202505040108,2025-10-04,東京,8,course_meta_missing,https://db.netkeiba.com/race/202505040108/
202505040111,2025-10-04,東京,11,course_meta_missing,https://db.netkeiba.com/race/202505040111/
202505040112,2025-10-04,東京,12,course_meta_missing,https://db.netkeiba.com/race/202505040112/
202508030101,2025-10-04,京都,1,course_meta_missing,https://db.netkeiba.com/race/202508030101/
202508030103,2025-10-04,京都,3,course_meta_missing,https://db.netkeiba.com/race/202508030103/
202508030106,2025-10-04,京都,6,course_meta_missing,https://db.netkeiba.com/race/202508030106/
202508030104,2025-10-04,京都,4,course_meta_missing,https://db.netkeiba.com/race/202508030104/
202508030110,2025-10-04,京都,10,course_meta_missing,https://db.netkeiba.com/race/202508030110/
202508030112,2025-10-04,京都,12,course_meta_missing,https://db.netkeiba.com/race/202508030112/
202505040201,2025-10-05,東京,1,course_meta_missing,https://db.netkeiba.com/race/202505040201/
202505040206,2025-10-05,東京,6,course_meta_missing,https://db.netkeiba.com/race/202505040206/
202505040210,2025-10-05,東京,10,course_meta_missing,https://db.netkeiba.com/race/202505040210/
202508030201,2025-10-05,京都,1,course_meta_missing,https://db.netkeiba.com/race/202508030201/
202505040212,2025-10-05,東京,12,course_meta_missing,https://db.netkeiba.com/race/202505040212/
202508030203,2025-10-05,京都,3,course_meta_missing,https://db.netkeiba.com/race/202508030203/
202508030206,2025-10-05,京都,6,course_meta_missing,https://db.netkeiba.com/race/202508030206/
202508030208,2025-10-05,京都,8,course_meta_missing,https://db.netkeiba.com/race/202508030208/
202508030210,2025-10-05,京都,10,course_meta_missing,https://db.netkeiba.com/race/202508030210/
202505040302,2025-10-11,東京,2,course_meta_missing,https://db.netkeiba.com/race/202505040302/
202505040304,2025-10-11,東京,4,course_meta_missing,https://db.netkeiba.com/race/202505040304/
202505040306,2025-10-11,東京,6,course_meta_missing,https://db.netkeiba.com/race/202505040306/
202505040308,2025-10-11,東京,8,course_meta_missing,https://db.netkeiba.com/race/202505040308/
202505040310,2025-10-11,東京,10,course_meta_missing,https://db.netkeiba.com/race/202505040310/
202505040312,2025-10-11,東京,12,course_meta_missing,https://db.netkeiba.com/race/202505040312/
202508030301,2025-10-11,京都,1,course_meta_missing,https://db.netkeiba.com/race/202508030301/
202508030302,2025-10-11,京都,2,course_meta_missing,https://db.netkeiba.com/race/202508030302/
202508030306,2025-10-11,京都,6,course_meta_missing,https://db.netkeiba.com/race/202508030306/
202508030309,2025-10-11,京都,9,course_meta_missing,https://db.netkeiba.com/race/202508030309/
202508030311,2025-10-11,京都,11,course_meta_missing,https://db.netkeiba.com/race/202508030311/
202508030312,2025-10-11,京都,12,course_meta_missing,https://db.netkeiba.com/race/202508030312/
202505040401,2025-10-12,東京,1,course_meta_missing,https://db.netkeiba.com/race/202505040401/
202505040404,2025-10-12,東京,4,course_meta_missing,https://db.netkeiba.com/race/202505040404/
202505040406,2025-10-12,東京,6,course_meta_missing,https://db.netkeiba.com/race/202505040406/
202505040410,2025-10-12,東京,10,course_meta_missing,https://db.netkeiba.com/race/202505040410/
202505040407,2025-10-12,東京,7,course_meta_missing,https://db.netkeiba.com/race/202505040407/
202505040412,2025-10-12,東京,12,course_meta_missing,https://db.netkeiba.com/race/202505040412/
202508030402,2025-10-12,京都,2,course_meta_missing,https://db.netkeiba.com/race/202508030402/
202508030401,2025-10-12,京都,1,course_meta_missing,https://db.netkeiba.com/race/202508030401/
202508030406,2025-10-12,京都,6,course_meta_missing,https://db.netkeiba.com/race/202508030406/
202508030411,2025-10-12,京都,11,course_meta_missing,https://db.netkeiba.com/race/202508030411/
202508030408,2025-10-12,京都,8,course_meta_missing,https://db.netkeiba.com/race/202508030408/
202508030409,2025-10-12,京都,9,course_meta_missing,https://db.netkeiba.com/race/202508030409/
202505040501,2025-10-13,東京,1,course_meta_missing,https://db.netkeiba.com/race/202505040501/
202505040502,2025-10-13,東京,2,course_meta_missing,https://db.netkeiba.com/race/202505040502/
202505040508,2025-10-13,東京,8,course_meta_missing,https://db.netkeiba.com/race/202505040508/
202505040507,2025-10-13,東京,7,course_meta_missing,https://db.netkeiba.com/race/202505040507/
202508030501,2025-10-13,京都,1,course_meta_missing,https://db.netkeiba.com/race/202508030501/
202505040512,2025-10-13,東京,12,course_meta_missing,https://db.netkeiba.com/race/202505040512/
202508030504,2025-10-13,京都,4,course_meta_missing,https://db.netkeiba.com/race/202508030504/
202508030507,2025-10-13,京都,7,course_meta_missing,https://db.netkeiba.com/race/202508030507/
202508030508,2025-10-13,京都,8,course_meta_missing,https://db.netkeiba.com/race/202508030508/
202508030509,2025-10-13,京都,9,course_meta_missing,https://db.netkeiba.com/race/202508030509/
202508030512,2025-10-13,京都,12,course_meta_missing,https://db.netkeiba.com/race/202508030512/
202504040102,2025-10-18,新潟,2,course_meta_missing,https://db.netkeiba.com/race/202504040102/
202504040104,2025-10-18,新潟,4,course_meta_missing,https://db.netkeiba.com/race/202504040104/
202504040105,2025-10-18,新潟,5,course_meta_missing,https://db.netkeiba.com/race/202504040105/
202504040106,2025-10-18,新潟,6,course_meta_missing,https://db.netkeiba.com/race/202504040106/
202504040108,2025-10-18,新潟,8,course_meta_missing,https://db.netkeiba.com/race/202504040108/
202504040110,2025-10-18,新潟,10,course_meta_missing,https://db.netkeiba.com/race/202504040110/
202505040601,2025-10-18,東京,1,course_meta_missing,https://db.netkeiba.com/race/202505040601/
202505040602,2025-10-18,東京,2,course_meta_missing,https://db.netkeiba.com/race/202505040602/
202505040606,2025-10-18,東京,6,course_meta_missing,https://db.netkeiba.com/race/202505040606/
202505040610,2025-10-18,東京,10,course_meta_missing,https://db.netkeiba.com/race/202505040610/
202505040612,2025-10-18,東京,12,course_meta_missing,https://db.netkeiba.com/race/202505040612/
202508030601,2025-10-18,京都,1,course_meta_missing,https://db.netkeiba.com/race/202508030601/
202508030602,2025-10-18,京都,2,course_meta_missing,https://db.netkeiba.com/race/202508030602/
202508030608,2025-10-18,京都,8,course_meta_missing,https://db.netkeiba.com/race/202508030608/
202508030606,2025-10-18,京都,6,course_meta_missing,https://db.netkeiba.com/race/202508030606/
202508030609,2025-10-18,京都,9,course_meta_missing,https://db.netkeiba.com/race/202508030609/
202508030611,2025-10-18,京都,11,course_meta_missing,https://db.netkeiba.com/race/202508030611/
202504040202,2025-10-19,新潟,2,course_meta_missing,https://db.netkeiba.com/race/202504040202/
202504040206,2025-10-19,新潟,6,course_meta_missing,https://db.netkeiba.com/race/202504040206/
202504040208,2025-10-19,新潟,8,course_meta_missing,https://db.netkeiba.com/race/202504040208/
202504040204,2025-10-19,新潟,4,course_meta_missing,https://db.netkeiba.com/race/202504040204/
202504040212,2025-10-19,新潟,12,course_meta_missing,https://db.netkeiba.com/race/202504040212/
202505040701,2025-10-19,東京,1,course_meta_missing,https://db.netkeiba.com/race/202505040701/
202505040704,2025-10-19,東京,4,course_meta_missing,https://db.netkeiba.com/race/202505040704/
202505040708,2025-10-19,東京,8,course_meta_missing,https://db.netkeiba.com/race/202505040708/
202505040710,2025-10-19,東京,10,course_meta_missing,https://db.netkeiba.com/race/202505040710/
202505040711,2025-10-19,東京,11,course_meta_missing,https://db.netkeiba.com/race/202505040711/
202508030701,2025-10-19,京都,1,course_meta_missing,https://db.netkeiba.com/race/202508030701/
202508030703,2025-10-19,京都,3,course_meta_missing,https://db.netkeiba.com/race/202508030703/
202508030707,2025-10-19,京都,7,course_meta_missing,https://db.netkeiba.com/race/202508030707/
202508030706,2025-10-19,京都,6,course_meta_missing,https://db.netkeiba.com/race/202508030706/
202508030710,2025-10-19,京都,10,course_meta_missing,https://db.netkeiba.com/race/202508030710/
202504040302,2025-10-25,新潟,2,course_meta_missing,https://db.netkeiba.com/race/202504040302/
202508030712,2025-10-19,京都,12,course_meta_missing,https://db.netkeiba.com/race/202508030712/
202504040304,2025-10-25,新潟,4,course_meta_missing,https://db.netkeiba.com/race/202504040304/
202504040305,2025-10-25,新潟,5,course_meta_missing,https://db.netkeiba.com/race/202504040305/
202504040307,2025-10-25,新潟,7,course_meta_missing,https://db.netkeiba.com/race/202504040307/
202504040310,2025-10-25,新潟,10,course_meta_missing,https://db.netkeiba.com/race/202504040310/
202504040308,2025-10-25,新潟,8,course_meta_missing,https://db.netkeiba.com/race/202504040308/
202505040801,2025-10-25,東京,1,course_meta_missing,https://db.netkeiba.com/race/202505040801/
202505040806,2025-10-25,東京,6,course_meta_missing,https://db.netkeiba.com/race/202505040806/
202505040804,2025-10-25,東京,4,course_meta_missing,https://db.netkeiba.com/race/202505040804/
202505040807,2025-10-25,東京,7,course_meta_missing,https://db.netkeiba.com/race/202505040807/
202505040810,2025-10-25,東京,10,course_meta_missing,https://db.netkeiba.com/race/202505040810/
202505040812,2025-10-25,東京,12,course_meta_missing,https://db.netkeiba.com/race/202505040812/
202508030802,2025-10-25,京都,2,course_meta_missing,https://db.netkeiba.com/race/202508030802/
202508030801,2025-10-25,京都,1,course_meta_missing,https://db.netkeiba.com/race/202508030801/
202508030807,2025-10-25,京都,7,course_meta_missing,https://db.netkeiba.com/race/202508030807/
202508030806,2025-10-25,京都,6,course_meta_missing,https://db.netkeiba.com/race/202508030806/
202508030809,2025-10-25,京都,9,course_meta_missing,https://db.netkeiba.com/race/202508030809/
202504040401,2025-10-26,新潟,1,course_meta_missing,https://db.netkeiba.com/race/202504040401/
202504040406,2025-10-26,新潟,6,course_meta_missing,https://db.netkeiba.com/race/202504040406/
202504040403,2025-10-26,新潟,3,course_meta_missing,https://db.netkeiba.com/race/202504040403/
202504040408,2025-10-26,新潟,8,course_meta_missing,https://db.netkeiba.com/race/202504040408/
202504040412,2025-10-26,新潟,12,course_meta_missing,https://db.netkeiba.com/race/202504040412/
202505040901,2025-10-26,東京,1,course_meta_missing,https://db.netkeiba.com/race/202505040901/
202505040907,2025-10-26,東京,7,course_meta_missing,https://db.netkeiba.com/race/202505040907/
202505040909,2025-10-26,東京,9,course_meta_missing,https://db.netkeiba.com/race/202505040909/
202505040912,2025-10-26,東京,12,course_meta_missing,https://db.netkeiba.com/race/202505040912/
202505040911,2025-10-26,東京,11,course_meta_missing,https://db.netkeiba.com/race/202505040911/
202508030901,2025-10-26,京都,1,course_meta_missing,https://db.netkeiba.com/race/202508030901/
202508030904,2025-10-26,京都,4,course_meta_missing,https://db.netkeiba.com/race/202508030904/
202508030907,2025-10-26,京都,7,course_meta_missing,https://db.netkeiba.com/race/202508030907/
202508030906,2025-10-26,京都,6,course_meta_missing,https://db.netkeiba.com/race/202508030906/
202508030910,2025-10-26,京都,10,course_meta_missing,https://db.netkeiba.com/race/202508030910/
202508030912,2025-10-26,京都,12,course_meta_missing,https://db.netkeiba.com/race/202508030912/
202505041001,2025-11-01,東京,1,course_meta_missing,https://db.netkeiba.com/race/202505041001/
202505041006,2025-11-01,東京,6,course_meta_missing,https://db.netkeiba.com/race/202505041006/
202505041004,2025-11-01,東京,4,course_meta_missing,https://db.netkeiba.com/race/202505041004/
202505041008,2025-11-01,東京,8,course_meta_missing,https://db.netkeiba.com/race/202505041008/
202505041007,2025-11-01,東京,7,course_meta_missing,https://db.netkeiba.com/race/202505041007/
202505041011,2025-11-01,東京,11,course_meta_missing,https://db.netkeiba.com/race/202505041011/
202508031001,2025-11-01,京都,1,course_meta_missing,https://db.netkeiba.com/race/202508031001/
202508031007,2025-11-01,京都,7,course_meta_missing,https://db.netkeiba.com/race/202508031007/
202508031006,2025-11-01,京都,6,course_meta_missing,https://db.netkeiba.com/race/202508031006/
202508031008,2025-11-01,京都,8,course_meta_missing,https://db.netkeiba.com/race/202508031008/
202508031010,2025-11-01,京都,10,course_meta_missing,https://db.netkeiba.com/race/202508031010/
202505041102,2025-11-02,東京,2,course_meta_missing,https://db.netkeiba.com/race/202505041102/
202505041106,2025-11-02,東京,6,course_meta_missing,https://db.netkeiba.com/race/202505041106/
202505041107,2025-11-02,東京,7,course_meta_missing,https://db.netkeiba.com/race/202505041107/
202505041110,2025-11-02,東京,10,course_meta_missing,https://db.netkeiba.com/race/202505041110/
202505041112,2025-11-02,東京,12,course_meta_missing,https://db.netkeiba.com/race/202505041112/
202508031103,2025-11-02,京都,3,course_meta_missing,https://db.netkeiba.com/race/202508031103/
202508031101,2025-11-02,京都,1,course_meta_missing,https://db.netkeiba.com/race/202508031101/
202508031106,2025-11-02,京都,6,course_meta_missing,https://db.netkeiba.com/race/202508031106/
202508031108,2025-11-02,京都,8,course_meta_missing,https://db.netkeiba.com/race/202508031108/
202508031109,2025-11-02,京都,9,course_meta_missing,https://db.netkeiba.com/race/202508031109/
202503030103,2025-11-08,福島,3,course_meta_missing,https://db.netkeiba.com/race/202503030103/
202503030101,2025-11-08,福島,1,course_meta_missing,https://db.netkeiba.com/race/202503030101/
202503030104,2025-11-08,福島,4,course_meta_missing,https://db.netkeiba.com/race/202503030104/
202503030108,2025-11-08,福島,8,course_meta_missing,https://db.netkeiba.com/race/202503030108/
202503030112,2025-11-08,福島,12,course_meta_missing,https://db.netkeiba.com/race/202503030112/
202505050102,2025-11-08,東京,2,course_meta_missing,https://db.netkeiba.com/race/202505050102/
202505050101,2025-11-08,東京,1,course_meta_missing,https://db.netkeiba.com/race/202505050101/
202505050104,2025-11-08,東京,4,course_meta_missing,https://db.netkeiba.com/race/202505050104/
202505050107,2025-11-08,東京,7,course_meta_missing,https://db.netkeiba.com/race/202505050107/
202505050110,2025-11-08,東京,10,course_meta_missing,https://db.netkeiba.com/race/202505050110/
202505050109,2025-11-08,東京,9,course_meta_missing,https://db.netkeiba.com/race/202505050109/
202508040101,2025-11-08,京都,1,course_meta_missing,https://db.netkeiba.com/race/202508040101/
202508040104,2025-11-08,京都,4,course_meta_missing,https://db.netkeiba.com/race/202508040104/
202508040107,2025-11-08,京都,7,course_meta_missing,https://db.netkeiba.com/race/202508040107/
202508040109,2025-11-08,京都,9,course_meta_missing,https://db.netkeiba.com/race/202508040109/
202508040111,2025-11-08,京都,11,course_meta_missing,https://db.netkeiba.com/race/202508040111/
202503030201,2025-11-09,福島,1,course_meta_missing,https://db.netkeiba.com/race/202503030201/
202503030203,2025-11-09,福島,3,course_meta_missing,https://db.netkeiba.com/race/202503030203/
202503030206,2025-11-09,福島,6,course_meta_missing,https://db.netkeiba.com/race/202503030206/
202503030210,2025-11-09,福島,10,course_meta_missing,https://db.netkeiba.com/race/202503030210/
202505050202,2025-11-09,東京,2,course_meta_missing,https://db.netkeiba.com/race/202505050202/
202505050206,2025-11-09,東京,6,course_meta_missing,https://db.netkeiba.com/race/202505050206/
202505050208,2025-11-09,東京,8,course_meta_missing,https://db.netkeiba.com/race/202505050208/
202505050209,2025-11-09,東京,9,course_meta_missing,https://db.netkeiba.com/race/202505050209/
202505050207,2025-11-09,東京,7,course_meta_missing,https://db.netkeiba.com/race/202505050207/
202508040204,2025-11-09,京都,4,course_meta_missing,https://db.netkeiba.com/race/202508040204/
202508040206,2025-11-09,京都,6,course_meta_missing,https://db.netkeiba.com/race/202508040206/
202508040201,2025-11-09,京都,1,course_meta_missing,https://db.netkeiba.com/race/202508040201/
202508040208,2025-11-09,京都,8,course_meta_missing,https://db.netkeiba.com/race/202508040208/
202508040210,2025-11-09,京都,10,course_meta_missing,https://db.netkeiba.com/race/202508040210/
202508040211,2025-11-09,京都,11,course_meta_missing,https://db.netkeiba.com/race/202508040211/
202503030301,2025-11-15,福島,1,course_meta_missing,https://db.netkeiba.com/race/202503030301/
202503030302,2025-11-15,福島,2,course_meta_missing,https://db.netkeiba.com/race/202503030302/
202503030306,2025-11-15,福島,6,course_meta_missing,https://db.netkeiba.com/race/202503030306/
202503030310,2025-11-15,福島,10,course_meta_missing,https://db.netkeiba.com/race/202503030310/
202503030311,2025-11-15,福島,11,course_meta_missing,https://db.netkeiba.com/race/202503030311/
202505050303,2025-11-15,東京,3,course_meta_missing,https://db.netkeiba.com/race/202505050303/
202505050301,2025-11-15,東京,1,course_meta_missing,https://db.netkeiba.com/race/202505050301/
202505050307,2025-11-15,東京,7,course_meta_missing,https://db.netkeiba.com/race/202505050307/
202505050309,2025-11-15,東京,9,course_meta_missing,https://db.netkeiba.com/race/202505050309/
202505050311,2025-11-15,東京,11,course_meta_missing,https://db.netkeiba.com/race/202505050311/
202508040301,2025-11-15,京都,1,course_meta_missing,https://db.netkeiba.com/race/202508040301/
202508040303,2025-11-15,京都,3,course_meta_missing,https://db.netkeiba.com/race/202508040303/
202508040302,2025-11-15,京都,2,course_meta_missing,https://db.netkeiba.com/race/202508040302/
202508040307,2025-11-15,京都,7,course_meta_missing,https://db.netkeiba.com/race/202508040307/
202508040306,2025-11-15,京都,6,course_meta_missing,https://db.netkeiba.com/race/202508040306/
202508040309,2025-11-15,京都,9,course_meta_missing,https://db.netkeiba.com/race/202508040309/
202503030401,2025-11-16,福島,1,course_meta_missing,https://db.netkeiba.com/race/202503030401/
202503030402,2025-11-16,福島,2,course_meta_missing,https://db.netkeiba.com/race/202503030402/
202503030403,2025-11-16,福島,3,course_meta_missing,https://db.netkeiba.com/race/202503030403/
202503030406,2025-11-16,福島,6,course_meta_missing,https://db.netkeiba.com/race/202503030406/
202503030408,2025-11-16,福島,8,course_meta_missing,https://db.netkeiba.com/race/202503030408/
202505050401,2025-11-16,東京,1,course_meta_missing,https://db.netkeiba.com/race/202505050401/
202503030411,2025-11-16,福島,11,course_meta_missing,https://db.netkeiba.com/race/202503030411/
202505050404,2025-11-16,東京,4,course_meta_missing,https://db.netkeiba.com/race/202505050404/
202505050406,2025-11-16,東京,6,course_meta_missing,https://db.netkeiba.com/race/202505050406/
202505050409,2025-11-16,東京,9,course_meta_missing,https://db.netkeiba.com/race/202505050409/
202505050407,2025-11-16,東京,7,course_meta_missing,https://db.netkeiba.com/race/202505050407/
202508040401,2025-11-16,京都,1,course_meta_missing,https://db.netkeiba.com/race/202508040401/
202508040402,2025-11-16,京都,2,course_meta_missing,https://db.netkeiba.com/race/202508040402/
202508040404,2025-11-16,京都,4,course_meta_missing,https://db.netkeiba.com/race/202508040404/
202508040407,2025-11-16,京都,7,course_meta_missing,https://db.netkeiba.com/race/202508040407/
202508040406,2025-11-16,京都,6,course_meta_missing,https://db.netkeiba.com/race/202508040406/
202508040410,2025-11-16,京都,10,course_meta_missing,https://db.netkeiba.com/race/202508040410/
202503030501,2025-11-22,福島,1,course_meta_missing,https://db.netkeiba.com/race/202503030501/
202503030503,2025-11-22,福島,3,course_meta_missing,https://db.netkeiba.com/race/202503030503/
202503030502,2025-11-22,福島,2,course_meta_missing,https://db.netkeiba.com/race/202503030502/
202503030506,2025-11-22,福島,6,course_meta_missing,https://db.netkeiba.com/race/202503030506/
202503030510,2025-11-22,福島,10,course_meta_missing,https://db.netkeiba.com/race/202503030510/
202508040501,2025-11-22,京都,1,course_meta_missing,https://db.netkeiba.com/race/202508040501/
202508040502,2025-11-22,京都,2,course_meta_missing,https://db.netkeiba.com/race/202508040502/
202508040507,2025-11-22,京都,7,course_meta_missing,https://db.netkeiba.com/race/202508040507/
202508040506,2025-11-22,京都,6,course_meta_missing,https://db.netkeiba.com/race/202508040506/
202508040508,2025-11-22,京都,8,course_meta_missing,https://db.netkeiba.com/race/202508040508/
202508040511,2025-11-22,京都,11,course_meta_missing,https://db.netkeiba.com/race/202508040511/
202505050501,2025-11-23,東京,1,course_meta_missing,https://db.netkeiba.com/race/202505050501/
202505050504,2025-11-23,東京,4,course_meta_missing,https://db.netkeiba.com/race/202505050504/
202505050506,2025-11-23,東京,6,course_meta_missing,https://db.netkeiba.com/race/202505050506/
202505050507,2025-11-23,東京,7,course_meta_missing,https://db.netkeiba.com/race/202505050507/
202505050508,2025-11-23,東京,8,course_meta_missing,https://db.netkeiba.com/race/202505050508/
202505050511,2025-11-23,東京,11,course_meta_missing,https://db.netkeiba.com/race/202505050511/
202508040601,2025-11-23,京都,1,course_meta_missing,https://db.netkeiba.com/race/202508040601/
202508040602,2025-11-23,京都,2,course_meta_missing,https://db.netkeiba.com/race/202508040602/
202508040604,2025-11-23,京都,4,course_meta_missing,https://db.netkeiba.com/race/202508040604/
202508040606,2025-11-23,京都,6,course_meta_missing,https://db.netkeiba.com/race/202508040606/
202508040608,2025-11-23,京都,8,course_meta_missing,https://db.netkeiba.com/race/202508040608/
202508040610,2025-11-23,京都,10,course_meta_missing,https://db.netkeiba.com/race/202508040610/
202503030602,2025-11-24,福島,2,course_meta_missing,https://db.netkeiba.com/race/202503030602/
202503030603,2025-11-24,福島,3,course_meta_missing,https://db.netkeiba.com/race/202503030603/
202503030601,2025-11-24,福島,1,course_meta_missing,https://db.netkeiba.com/race/202503030601/
202503030607,2025-11-24,福島,7,course_meta_missing,https://db.netkeiba.com/race/202503030607/
202503030611,2025-11-24,福島,11,course_meta_missing,https://db.netkeiba.com/race/202503030611/
202505050601,2025-11-24,東京,1,course_meta_missing,https://db.netkeiba.com/race/202505050601/
202505050604,2025-11-24,東京,4,course_meta_missing,https://db.netkeiba.com/race/202505050604/
202505050605,2025-11-24,東京,5,course_meta_missing,https://db.netkeiba.com/race/202505050605/
202505050608,2025-11-24,東京,8,course_meta_missing,https://db.netkeiba.com/race/202505050608/
202505050610,2025-11-24,東京,10,course_meta_missing,https://db.netkeiba.com/race/202505050610/
202505050704,2025-11-29,東京,4,course_meta_missing,https://db.netkeiba.com/race/202505050704/
202505050701,2025-11-29,東京,1,course_meta_missing,https://db.netkeiba.com/race/202505050701/
202505050709,2025-11-29,東京,9,course_meta_missing,https://db.netkeiba.com/race/202505050709/
202505050708,2025-11-29,東京,8,course_meta_missing,https://db.netkeiba.com/race/202505050708/
202505050706,2025-11-29,東京,6,course_meta_missing,https://db.netkeiba.com/race/202505050706/
202505050710,2025-11-29,東京,10,course_meta_missing,https://db.netkeiba.com/race/202505050710/
202508040701,2025-11-29,京都,1,course_meta_missing,https://db.netkeiba.com/race/202508040701/
202508040702,2025-11-29,京都,2,course_meta_missing,https://db.netkeiba.com/race/202508040702/
202508040708,2025-11-29,京都,8,course_meta_missing,https://db.netkeiba.com/race/202508040708/
202508040709,2025-11-29,京都,9,course_meta_missing,https://db.netkeiba.com/race/202508040709/
202508040706,2025-11-29,京都,6,course_meta_missing,https://db.netkeiba.com/race/202508040706/
202505050801,2025-11-30,東京,1,course_meta_missing,https://db.netkeiba.com/race/202505050801/
202505050803,2025-11-30,東京,3,course_meta_missing,https://db.netkeiba.com/race/202505050803/
202505050805,2025-11-30,東京,5,course_meta_missing,https://db.netkeiba.com/race/202505050805/
202505050810,2025-11-30,東京,10,course_meta_missing,https://db.netkeiba.com/race/202505050810/
202505050807,2025-11-30,東京,7,course_meta_missing,https://db.netkeiba.com/race/202505050807/
202508040801,2025-11-30,京都,1,course_meta_missing,https://db.netkeiba.com/race/202508040801/
202508040804,2025-11-30,京都,4,course_meta_missing,https://db.netkeiba.com/race/202508040804/
202508040807,2025-11-30,京都,7,course_meta_missing,https://db.netkeiba.com/race/202508040807/
202508040810,2025-11-30,京都,10,course_meta_missing,https://db.netkeiba.com/race/202508040810/
202508040811,2025-11-30,京都,11,course_meta_missing,https://db.netkeiba.com/race/202508040811/
202506050101,2025-12-06,中山,1,course_meta_missing,https://db.netkeiba.com/race/202506050101/
202506050102,2025-12-06,中山,2,course_meta_missing,https://db.netkeiba.com/race/202506050102/
202506050104,2025-12-06,中山,4,course_meta_missing,https://db.netkeiba.com/race/202506050104/
202506050106,2025-12-06,中山,6,course_meta_missing,https://db.netkeiba.com/race/202506050106/
202506050107,2025-12-06,中山,7,course_meta_missing,https://db.netkeiba.com/race/202506050107/
202506050110,2025-12-06,中山,10,course_meta_missing,https://db.netkeiba.com/race/202506050110/
202506050111,2025-12-06,中山,11,course_meta_missing,https://db.netkeiba.com/race/202506050111/
202507050102,2025-12-06,中京,2,course_meta_missing,https://db.netkeiba.com/race/202507050102/
202507050101,2025-12-06,中京,1,course_meta_missing,https://db.netkeiba.com/race/202507050101/
202507050103,2025-12-06,中京,3,course_meta_missing,https://db.netkeiba.com/race/202507050103/
202507050106,2025-12-06,中京,6,course_meta_missing,https://db.netkeiba.com/race/202507050106/
202507050110,2025-12-06,中京,10,course_meta_missing,https://db.netkeiba.com/race/202507050110/
202507050107,2025-12-06,中京,7,course_meta_missing,https://db.netkeiba.com/race/202507050107/
202509050101,2025-12-06,阪神,1,course_meta_missing,https://db.netkeiba.com/race/202509050101/
202509050102,2025-12-06,阪神,2,course_meta_missing,https://db.netkeiba.com/race/202509050102/
202509050106,2025-12-06,阪神,6,course_meta_missing,https://db.netkeiba.com/race/202509050106/
202509050107,2025-12-06,阪神,7,course_meta_missing,https://db.netkeiba.com/race/202509050107/
202509050108,2025-12-06,阪神,8,course_meta_missing,https://db.netkeiba.com/race/202509050108/
202509050110,2025-12-06,阪神,10,course_meta_missing,https://db.netkeiba.com/race/202509050110/
202506050203,2025-12-07,中山,3,course_meta_missing,https://db.netkeiba.com/race/202506050203/
202506050201,2025-12-07,中山,1,course_meta_missing,https://db.netkeiba.com/race/202506050201/
202506050206,2025-12-07,中山,6,course_meta_missing,https://db.netkeiba.com/race/202506050206/
202506050210,2025-12-07,中山,10,course_meta_missing,https://db.netkeiba.com/race/202506050210/
202506050208,2025-12-07,中山,8,course_meta_missing,https://db.netkeiba.com/race/202506050208/
202506050212,2025-12-07,中山,12,course_meta_missing,https://db.netkeiba.com/race/202506050212/
202507050201,2025-12-07,中京,1,course_meta_missing,https://db.netkeiba.com/race/202507050201/
202507050203,2025-12-07,中京,3,course_meta_missing,https://db.netkeiba.com/race/202507050203/
202507050202,2025-12-07,中京,2,course_meta_missing,https://db.netkeiba.com/race/202507050202/
202507050207,2025-12-07,中京,7,course_meta_missing,https://db.netkeiba.com/race/202507050207/
202507050206,2025-12-07,中京,6,course_meta_missing,https://db.netkeiba.com/race/202507050206/
202507050211,2025-12-07,中京,11,course_meta_missing,https://db.netkeiba.com/race/202507050211/
202507050209,2025-12-07,中京,9,course_meta_missing,https://db.netkeiba.com/race/202507050209/
202509050202,2025-12-07,阪神,2,course_meta_missing,https://db.netkeiba.com/race/202509050202/
202509050201,2025-12-07,阪神,1,course_meta_missing,https://db.netkeiba.com/race/202509050201/
202509050206,2025-12-07,阪神,6,course_meta_missing,https://db.netkeiba.com/race/202509050206/
202509050207,2025-12-07,阪神,7,course_meta_missing,https://db.netkeiba.com/race/202509050207/
202509050209,2025-12-07,阪神,9,course_meta_missing,https://db.netkeiba.com/race/202509050209/
202509050211,2025-12-07,阪神,11,course_meta_missing,https://db.netkeiba.com/race/202509050211/
202506050302,2025-12-13,中山,2,course_meta_missing,https://db.netkeiba.com/race/202506050302/
202506050301,2025-12-13,中山,1,course_meta_missing,https://db.netkeiba.com/race/202506050301/
202506050304,2025-12-13,中山,4,course_meta_missing,https://db.netkeiba.com/race/202506050304/
202506050306,2025-12-13,中山,6,course_meta_missing,https://db.netkeiba.com/race/202506050306/
202506050307,2025-12-13,中山,7,course_meta_missing,https://db.netkeiba.com/race/202506050307/
202506050308,2025-12-13,中山,8,course_meta_missing,https://db.netkeiba.com/race/202506050308/
202506050312,2025-12-13,中山,12,course_meta_missing,https://db.netkeiba.com/race/202506050312/
202506050310,2025-12-13,中山,10,course_meta_missing,https://db.netkeiba.com/race/202506050310/
202507050301,2025-12-13,中京,1,course_meta_missing,https://db.netkeiba.com/race/202507050301/
202507050303,2025-12-13,中京,3,course_meta_missing,https://db.netkeiba.com/race/202507050303/
202507050302,2025-12-13,中京,2,course_meta_missing,https://db.netkeiba.com/race/202507050302/
202507050306,2025-12-13,中京,6,course_meta_missing,https://db.netkeiba.com/race/202507050306/
202507050310,2025-12-13,中京,10,course_meta_missing,https://db.netkeiba.com/race/202507050310/
202507050308,2025-12-13,中京,8,course_meta_missing,https://db.netkeiba.com/race/202507050308/
202509050301,2025-12-13,阪神,1,course_meta_missing,https://db.netkeiba.com/race/202509050301/
202509050302,2025-12-13,阪神,2,course_meta_missing,https://db.netkeiba.com/race/202509050302/
202509050306,2025-12-13,阪神,6,course_meta_missing,https://db.netkeiba.com/race/202509050306/
202509050310,2025-12-13,阪神,10,course_meta_missing,https://db.netkeiba.com/race/202509050310/
202509050308,2025-12-13,阪神,8,course_meta_missing,https://db.netkeiba.com/race/202509050308/
202506050401,2025-12-14,中山,1,course_meta_missing,https://db.netkeiba.com/race/202506050401/
202506050406,2025-12-14,中山,6,course_meta_missing,https://db.netkeiba.com/race/202506050406/
202506050407,2025-12-14,中山,7,course_meta_missing,https://db.netkeiba.com/race/202506050407/
202506050411,2025-12-14,中山,11,course_meta_missing,https://db.netkeiba.com/race/202506050411/
202506050408,2025-12-14,中山,8,course_meta_missing,https://db.netkeiba.com/race/202506050408/
202506050410,2025-12-14,中山,10,course_meta_missing,https://db.netkeiba.com/race/202506050410/
202507050401,2025-12-14,中京,1,course_meta_missing,https://db.netkeiba.com/race/202507050401/
202507050402,2025-12-14,中京,2,course_meta_missing,https://db.netkeiba.com/race/202507050402/
202507050403,2025-12-14,中京,3,course_meta_missing,https://db.netkeiba.com/race/202507050403/
202507050405,2025-12-14,中京,5,course_meta_missing,https://db.netkeiba.com/race/202507050405/
202507050407,2025-12-14,中京,7,course_meta_missing,https://db.netkeiba.com/race/202507050407/
202507050408,2025-12-14,中京,8,course_meta_missing,https://db.netkeiba.com/race/202507050408/
202507050409,2025-12-14,中京,9,course_meta_missing,https://db.netkeiba.com/race/202507050409/
202509050401,2025-12-14,阪神,1,course_meta_missing,https://db.netkeiba.com/race/202509050401/
202509050402,2025-12-14,阪神,2,course_meta_missing,https://db.netkeiba.com/race/202509050402/
202509050406,2025-12-14,阪神,6,course_meta_missing,https://db.netkeiba.com/race/202509050406/
202509050407,2025-12-14,阪神,7,course_meta_missing,https://db.netkeiba.com/race/202509050407/
202509050408,2025-12-14,阪神,8,course_meta_missing,https://db.netkeiba.com/race/202509050408/
202509050410,2025-12-14,阪神,10,course_meta_missing,https://db.netkeiba.com/race/202509050410/
202506050501,2025-12-20,中山,1,course_meta_missing,https://db.netkeiba.com/race/202506050501/
202506050502,2025-12-20,中山,2,course_meta_missing,https://db.netkeiba.com/race/202506050502/
202506050504,2025-12-20,中山,4,course_meta_missing,https://db.netkeiba.com/race/202506050504/
202506050508,2025-12-20,中山,8,course_meta_missing,https://db.netkeiba.com/race/202506050508/
202506050507,2025-12-20,中山,7,course_meta_missing,https://db.netkeiba.com/race/202506050507/
202506050510,2025-12-20,中山,10,course_meta_missing,https://db.netkeiba.com/race/202506050510/
202507050501,2025-12-20,中京,1,course_meta_missing,https://db.netkeiba.com/race/202507050501/
202506050512,2025-12-20,中山,12,course_meta_missing,https://db.netkeiba.com/race/202506050512/
202507050502,2025-12-20,中京,2,course_meta_missing,https://db.netkeiba.com/race/202507050502/
202507050503,2025-12-20,中京,3,course_meta_missing,https://db.netkeiba.com/race/202507050503/
202507050506,2025-12-20,中京,6,course_meta_missing,https://db.netkeiba.com/race/202507050506/
202507050507,2025-12-20,中京,7,course_meta_missing,https://db.netkeiba.com/race/202507050507/
202507050510,2025-12-20,中京,10,course_meta_missing,https://db.netkeiba.com/race/202507050510/
202509050501,2025-12-20,阪神,1,course_meta_missing,https://db.netkeiba.com/race/202509050501/
202507050511,2025-12-20,中京,11,course_meta_missing,https://db.netkeiba.com/race/202507050511/
202509050506,2025-12-20,阪神,6,course_meta_missing,https://db.netkeiba.com/race/202509050506/
202509050508,2025-12-20,阪神,8,course_meta_missing,https://db.netkeiba.com/race/202509050508/
202509050507,2025-12-20,阪神,7,course_meta_missing,https://db.netkeiba.com/race/202509050507/
202509050509,2025-12-20,阪神,9,course_meta_missing,https://db.netkeiba.com/race/202509050509/
202506050601,2025-12-21,中山,1,course_meta_missing,https://db.netkeiba.com/race/202506050601/
202506050602,2025-12-21,中山,2,course_meta_missing,https://db.netkeiba.com/race/202506050602/
202506050606,2025-12-21,中山,6,course_meta_missing,https://db.netkeiba.com/race/202506050606/
202506050608,2025-12-21,中山,8,course_meta_missing,https://db.netkeiba.com/race/202506050608/
202507050601,2025-12-21,中京,1,course_meta_missing,https://db.netkeiba.com/race/202507050601/
202506050610,2025-12-21,中山,10,course_meta_missing,https://db.netkeiba.com/race/202506050610/
202507050603,2025-12-21,中京,3,course_meta_missing,https://db.netkeiba.com/race/202507050603/
202507050602,2025-12-21,中京,2,course_meta_missing,https://db.netkeiba.com/race/202507050602/
202507050605,2025-12-21,中京,5,course_meta_missing,https://db.netkeiba.com/race/202507050605/
202507050607,2025-12-21,中京,7,course_meta_missing,https://db.netkeiba.com/race/202507050607/
202507050611,2025-12-21,中京,11,course_meta_missing,https://db.netkeiba.com/race/202507050611/
202507050609,2025-12-21,中京,9,course_meta_missing,https://db.netkeiba.com/race/202507050609/
202509050601,2025-12-21,阪神,1,course_meta_missing,https://db.netkeiba.com/race/202509050601/
202509050602,2025-12-21,阪神,2,course_meta_missing,https://db.netkeiba.com/race/202509050602/
202509050604,2025-12-21,阪神,4,course_meta_missing,https://db.netkeiba.com/race/202509050604/
202509050608,2025-12-21,阪神,8,course_meta_missing,https://db.netkeiba.com/race/202509050608/
202509050609,2025-12-21,阪神,9,course_meta_missing,https://db.netkeiba.com/race/202509050609/
202509050610,2025-12-21,阪神,10,course_meta_missing,https://db.netkeiba.com/race/202509050610/
202506050701,2025-12-27,中山,1,course_meta_missing,https://db.netkeiba.com/race/202506050701/
202506050702,2025-12-27,中山,2,course_meta_missing,https://db.netkeiba.com/race/202506050702/
202506050703,2025-12-27,中山,3,course_meta_missing,https://db.netkeiba.com/race/202506050703/
202506050706,2025-12-27,中山,6,course_meta_missing,https://db.netkeiba.com/race/202506050706/
202506050708,2025-12-27,中山,8,course_meta_missing,https://db.netkeiba.com/race/202506050708/
202509050701,2025-12-27,阪神,1,course_meta_missing,https://db.netkeiba.com/race/202509050701/
202509050703,2025-12-27,阪神,3,course_meta_missing,https://db.netkeiba.com/race/202509050703/
202509050702,2025-12-27,阪神,2,course_meta_missing,https://db.netkeiba.com/race/202509050702/
202509050706,2025-12-27,阪神,6,course_meta_missing,https://db.netkeiba.com/race/202509050706/
202509050708,2025-12-27,阪神,8,course_meta_missing,https://db.netkeiba.com/race/202509050708/
202509050710,2025-12-27,阪神,10,course_meta_missing,https://db.netkeiba.com/race/202509050710/
202506050801,2025-12-28,中山,1,course_meta_missing,https://db.netkeiba.com/race/202506050801/
202506050802,2025-12-28,中山,2,course_meta_missing,https://db.netkeiba.com/race/202506050802/
202506050805,2025-12-28,中山,5,course_meta_missing,https://db.netkeiba.com/race/202506050805/
202506050804,2025-12-28,中山,4,course_meta_missing,https://db.netkeiba.com/race/202506050804/
202506050807,2025-12-28,中山,7,course_meta_missing,https://db.netkeiba.com/race/202506050807/
202506050808,2025-12-28,中山,8,course_meta_missing,https://db.netkeiba.com/race/202506050808/
202506050810,2025-12-28,中山,10,course_meta_missing,https://db.netkeiba.com/race/202506050810/
202509050801,2025-12-28,阪神,1,course_meta_missing,https://db.netkeiba.com/race/202509050801/
202509050804,2025-12-28,阪神,4,course_meta_missing,https://db.netkeiba.com/race/202509050804/
202509050808,2025-12-28,阪神,8,course_meta_missing,https://db.netkeiba.com/race/202509050808/
202509050807,2025-12-28,阪神,7,course_meta_missing,https://db.netkeiba.com/race/202509050807/
202606010101,2026-01-04,中山,1,course_meta_missing,https://db.netkeiba.com/race/202606010101/
202509050811,2025-12-28,阪神,11,course_meta_missing,https://db.netkeiba.com/race/202509050811/
202606010102,2026-01-04,中山,2,course_meta_missing,https://db.netkeiba.com/race/202606010102/
202606010104,2026-01-04,中山,4,course_meta_missing,https://db.netkeiba.com/race/202606010104/
202606010103,2026-01-04,中山,3,course_meta_missing,https://db.netkeiba.com/race/202606010103/
202606010107,2026-01-04,中山,7,course_meta_missing,https://db.netkeiba.com/race/202606010107/
202606010109,2026-01-04,中山,9,course_meta_missing,https://db.netkeiba.com/race/202606010109/
202606010108,2026-01-04,中山,8,course_meta_missing,https://db.netkeiba.com/race/202606010108/
202606010112,2026-01-04,中山,12,course_meta_missing,https://db.netkeiba.com/race/202606010112/
202608010101,2026-01-04,京都,1,course_meta_missing,https://db.netkeiba.com/race/202608010101/
202608010102,2026-01-04,京都,2,course_meta_missing,https://db.netkeiba.com/race/202608010102/
202608010104,2026-01-04,京都,4,course_meta_missing,https://db.netkeiba.com/race/202608010104/
202608010107,2026-01-04,京都,7,course_meta_missing,https://db.netkeiba.com/race/202608010107/
202608010103,2026-01-04,京都,3,course_meta_missing,https://db.netkeiba.com/race/202608010103/
202608010108,2026-01-04,京都,8,course_meta_missing,https://db.netkeiba.com/race/202608010108/
202608010109,2026-01-04,京都,9,course_meta_missing,https://db.netkeiba.com/race/202608010109/
202606010201,2026-01-05,中山,1,course_meta_missing,https://db.netkeiba.com/race/202606010201/
202606010202,2026-01-05,中山,2,course_meta_missing,https://db.netkeiba.com/race/202606010202/
202606010204,2026-01-05,中山,4,course_meta_missing,https://db.netkeiba.com/race/202606010204/
202606010203,2026-01-05,中山,3,course_meta_missing,https://db.netkeiba.com/race/202606010203/
202606010209,2026-01-05,中山,9,course_meta_missing,https://db.netkeiba.com/race/202606010209/
202606010212,2026-01-05,中山,12,course_meta_missing,https://db.netkeiba.com/race/202606010212/
202608010201,2026-01-05,京都,1,course_meta_missing,https://db.netkeiba.com/race/202608010201/
202608010202,2026-01-05,京都,2,course_meta_missing,https://db.netkeiba.com/race/202608010202/
202608010203,2026-01-05,京都,3,course_meta_missing,https://db.netkeiba.com/race/202608010203/
202608010204,2026-01-05,京都,4,course_meta_missing,https://db.netkeiba.com/race/202608010204/
202608010207,2026-01-05,京都,7,course_meta_missing,https://db.netkeiba.com/race/202608010207/
202608010208,2026-01-05,京都,8,course_meta_missing,https://db.netkeiba.com/race/202608010208/
202608010210,2026-01-05,京都,10,course_meta_missing,https://db.netkeiba.com/race/202608010210/
202606010301,2026-01-10,中山,1,course_meta_missing,https://db.netkeiba.com/race/202606010301/
202606010303,2026-01-10,中山,3,course_meta_missing,https://db.netkeiba.com/race/202606010303/
202606010304,2026-01-10,中山,4,course_meta_missing,https://db.netkeiba.com/race/202606010304/
202606010302,2026-01-10,中山,2,course_meta_missing,https://db.netkeiba.com/race/202606010302/
202606010306,2026-01-10,中山,6,course_meta_missing,https://db.netkeiba.com/race/202606010306/
202606010309,2026-01-10,中山,9,course_meta_missing,https://db.netkeiba.com/race/202606010309/
202606010308,2026-01-10,中山,8,course_meta_missing,https://db.netkeiba.com/race/202606010308/
202608010301,2026-01-10,京都,1,course_meta_missing,https://db.netkeiba.com/race/202608010301/
202606010312,2026-01-10,中山,12,course_meta_missing,https://db.netkeiba.com/race/202606010312/
202608010302,2026-01-10,京都,2,course_meta_missing,https://db.netkeiba.com/race/202608010302/
202608010303,2026-01-10,京都,3,course_meta_missing,https://db.netkeiba.com/race/202608010303/
202608010304,2026-01-10,京都,4,course_meta_missing,https://db.netkeiba.com/race/202608010304/
202608010307,2026-01-10,京都,7,course_meta_missing,https://db.netkeiba.com/race/202608010307/
202608010309,2026-01-10,京都,9,course_meta_missing,https://db.netkeiba.com/race/202608010309/
202608010311,2026-01-10,京都,11,course_meta_missing,https://db.netkeiba.com/race/202608010311/
202606010401,2026-01-11,中山,1,course_meta_missing,https://db.netkeiba.com/race/202606010401/
202606010403,2026-01-11,中山,3,course_meta_missing,https://db.netkeiba.com/race/202606010403/
202606010402,2026-01-11,中山,2,course_meta_missing,https://db.netkeiba.com/race/202606010402/
202606010405,2026-01-11,中山,5,course_meta_missing,https://db.netkeiba.com/race/202606010405/
202606010404,2026-01-11,中山,4,course_meta_missing,https://db.netkeiba.com/race/202606010404/
202606010407,2026-01-11,中山,7,course_meta_missing,https://db.netkeiba.com/race/202606010407/
202606010410,2026-01-11,中山,10,course_meta_missing,https://db.netkeiba.com/race/202606010410/
202606010412,2026-01-11,中山,12,course_meta_missing,https://db.netkeiba.com/race/202606010412/
202608010401,2026-01-11,京都,1,course_meta_missing,https://db.netkeiba.com/race/202608010401/
202608010403,2026-01-11,京都,3,course_meta_missing,https://db.netkeiba.com/race/202608010403/
202608010405,2026-01-11,京都,5,course_meta_missing,https://db.netkeiba.com/race/202608010405/
202608010402,2026-01-11,京都,2,course_meta_missing,https://db.netkeiba.com/race/202608010402/
202608010406,2026-01-11,京都,6,course_meta_missing,https://db.netkeiba.com/race/202608010406/
202608010409,2026-01-11,京都,9,course_meta_missing,https://db.netkeiba.com/race/202608010409/
202608010408,2026-01-11,京都,8,course_meta_missing,https://db.netkeiba.com/race/202608010408/
202606010501,2026-01-12,中山,1,course_meta_missing,https://db.netkeiba.com/race/202606010501/
202606010502,2026-01-12,中山,2,course_meta_missing,https://db.netkeiba.com/race/202606010502/
202606010503,2026-01-12,中山,3,course_meta_missing,https://db.netkeiba.com/race/202606010503/
202606010505,2026-01-12,中山,5,course_meta_missing,https://db.netkeiba.com/race/202606010505/
202606010507,2026-01-12,中山,7,course_meta_missing,https://db.netkeiba.com/race/202606010507/
202606010509,2026-01-12,中山,9,course_meta_missing,https://db.netkeiba.com/race/202606010509/
202606010510,2026-01-12,中山,10,course_meta_missing,https://db.netkeiba.com/race/202606010510/
202608010501,2026-01-12,京都,1,course_meta_missing,https://db.netkeiba.com/race/202608010501/
202608010503,2026-01-12,京都,3,course_meta_missing,https://db.netkeiba.com/race/202608010503/
202608010504,2026-01-12,京都,4,course_meta_missing,https://db.netkeiba.com/race/202608010504/
202608010502,2026-01-12,京都,2,course_meta_missing,https://db.netkeiba.com/race/202608010502/
202608010506,2026-01-12,京都,6,course_meta_missing,https://db.netkeiba.com/race/202608010506/
202608010507,2026-01-12,京都,7,course_meta_missing,https://db.netkeiba.com/race/202608010507/
202608010510,2026-01-12,京都,10,course_meta_missing,https://db.netkeiba.com/race/202608010510/
202608010508,2026-01-12,京都,8,course_meta_missing,https://db.netkeiba.com/race/202608010508/
202606010601,2026-01-17,中山,1,course_meta_missing,https://db.netkeiba.com/race/202606010601/
202606010602,2026-01-17,中山,2,course_meta_missing,https://db.netkeiba.com/race/202606010602/
202606010603,2026-01-17,中山,3,course_meta_missing,https://db.netkeiba.com/race/202606010603/
202606010606,2026-01-17,中山,6,course_meta_missing,https://db.netkeiba.com/race/202606010606/
202606010608,2026-01-17,中山,8,course_meta_missing,https://db.netkeiba.com/race/202606010608/
202606010610,2026-01-17,中山,10,course_meta_missing,https://db.netkeiba.com/race/202606010610/
202608010601,2026-01-17,京都,1,course_meta_missing,https://db.netkeiba.com/race/202608010601/
202608010602,2026-01-17,京都,2,course_meta_missing,https://db.netkeiba.com/race/202608010602/
202608010603,2026-01-17,京都,3,course_meta_missing,https://db.netkeiba.com/race/202608010603/
202608010607,2026-01-17,京都,7,course_meta_missing,https://db.netkeiba.com/race/202608010607/
202608010608,2026-01-17,京都,8,course_meta_missing,https://db.netkeiba.com/race/202608010608/
202608010604,2026-01-17,京都,4,course_meta_missing,https://db.netkeiba.com/race/202608010604/
202608010606,2026-01-17,京都,6,course_meta_missing,https://db.netkeiba.com/race/202608010606/
202608010611,2026-01-17,京都,11,course_meta_missing,https://db.netkeiba.com/race/202608010611/
202606010702,2026-01-18,中山,2,course_meta_missing,https://db.netkeiba.com/race/202606010702/
202606010701,2026-01-18,中山,1,course_meta_missing,https://db.netkeiba.com/race/202606010701/
202606010703,2026-01-18,中山,3,course_meta_missing,https://db.netkeiba.com/race/202606010703/
202606010706,2026-01-18,中山,6,course_meta_missing,https://db.netkeiba.com/race/202606010706/
202606010708,2026-01-18,中山,8,course_meta_missing,https://db.netkeiba.com/race/202606010708/
202606010710,2026-01-18,中山,10,course_meta_missing,https://db.netkeiba.com/race/202606010710/
202608010701,2026-01-18,京都,1,course_meta_missing,https://db.netkeiba.com/race/202608010701/
202608010702,2026-01-18,京都,2,course_meta_missing,https://db.netkeiba.com/race/202608010702/
202608010703,2026-01-18,京都,3,course_meta_missing,https://db.netkeiba.com/race/202608010703/
202608010704,2026-01-18,京都,4,course_meta_missing,https://db.netkeiba.com/race/202608010704/
202608010707,2026-01-18,京都,7,course_meta_missing,https://db.netkeiba.com/race/202608010707/
202608010709,2026-01-18,京都,9,course_meta_missing,https://db.netkeiba.com/race/202608010709/
202608010710,2026-01-18,京都,10,course_meta_missing,https://db.netkeiba.com/race/202608010710/
202606010802,2026-01-24,中山,2,course_meta_missing,https://db.netkeiba.com/race/202606010802/
202606010801,2026-01-24,中山,1,course_meta_missing,https://db.netkeiba.com/race/202606010801/
202606010803,2026-01-24,中山,3,course_meta_missing,https://db.netkeiba.com/race/202606010803/
202606010804,2026-01-24,中山,4,course_meta_missing,https://db.netkeiba.com/race/202606010804/
202606010806,2026-01-24,中山,6,course_meta_missing,https://db.netkeiba.com/race/202606010806/
202606010810,2026-01-24,中山,10,course_meta_missing,https://db.netkeiba.com/race/202606010810/
202606010807,2026-01-24,中山,7,course_meta_missing,https://db.netkeiba.com/race/202606010807/
202606010808,2026-01-24,中山,8,course_meta_missing,https://db.netkeiba.com/race/202606010808/
202608010801,2026-01-24,京都,1,course_meta_missing,https://db.netkeiba.com/race/202608010801/
202608010803,2026-01-24,京都,3,course_meta_missing,https://db.netkeiba.com/race/202608010803/
202608010802,2026-01-24,京都,2,course_meta_missing,https://db.netkeiba.com/race/202608010802/
202608010804,2026-01-24,京都,4,course_meta_missing,https://db.netkeiba.com/race/202608010804/
202608010808,2026-01-24,京都,8,course_meta_missing,https://db.netkeiba.com/race/202608010808/
202608010810,2026-01-24,京都,10,course_meta_missing,https://db.netkeiba.com/race/202608010810/
202608010807,2026-01-24,京都,7,course_meta_missing,https://db.netkeiba.com/race/202608010807/
202610010101,2026-01-24,小倉,1,course_meta_missing,https://db.netkeiba.com/race/202610010101/
202610010103,2026-01-24,小倉,3,course_meta_missing,https://db.netkeiba.com/race/202610010103/
202610010108,2026-01-24,小倉,8,course_meta_missing,https://db.netkeiba.com/race/202610010108/
202610010112,2026-01-24,小倉,12,course_meta_missing,https://db.netkeiba.com/race/202610010112/
202606010901,2026-01-25,中山,1,course_meta_missing,https://db.netkeiba.com/race/202606010901/
202606010903,2026-01-25,中山,3,course_meta_missing,https://db.netkeiba.com/race/202606010903/
202606010902,2026-01-25,中山,2,course_meta_missing,https://db.netkeiba.com/race/202606010902/
202606010904,2026-01-25,中山,4,course_meta_missing,https://db.netkeiba.com/race/202606010904/
202606010908,2026-01-25,中山,8,course_meta_missing,https://db.netkeiba.com/race/202606010908/
202606010906,2026-01-25,中山,6,course_meta_missing,https://db.netkeiba.com/race/202606010906/
202606010910,2026-01-25,中山,10,course_meta_missing,https://db.netkeiba.com/race/202606010910/
202608010901,2026-01-25,京都,1,course_meta_missing,https://db.netkeiba.com/race/202608010901/
202608010903,2026-01-25,京都,3,course_meta_missing,https://db.netkeiba.com/race/202608010903/
202608010902,2026-01-25,京都,2,course_meta_missing,https://db.netkeiba.com/race/202608010902/
202608010904,2026-01-25,京都,4,course_meta_missing,https://db.netkeiba.com/race/202608010904/
202608010906,2026-01-25,京都,6,course_meta_missing,https://db.netkeiba.com/race/202608010906/
202608010908,2026-01-25,京都,8,course_meta_missing,https://db.netkeiba.com/race/202608010908/
202610010201,2026-01-25,小倉,1,course_meta_missing,https://db.netkeiba.com/race/202610010201/
202608010911,2026-01-25,京都,11,course_meta_missing,https://db.netkeiba.com/race/202608010911/
202610010206,2026-01-25,小倉,6,course_meta_missing,https://db.netkeiba.com/race/202610010206/
202610010203,2026-01-25,小倉,3,course_meta_missing,https://db.netkeiba.com/race/202610010203/
202610010210,2026-01-25,小倉,10,course_meta_missing,https://db.netkeiba.com/race/202610010210/
202605010101,2026-01-31,東京,1,course_meta_missing,https://db.netkeiba.com/race/202605010101/
202605010103,2026-01-31,東京,3,course_meta_missing,https://db.netkeiba.com/race/202605010103/
202605010104,2026-01-31,東京,4,course_meta_missing,https://db.netkeiba.com/race/202605010104/
202605010102,2026-01-31,東京,2,course_meta_missing,https://db.netkeiba.com/race/202605010102/
202605010108,2026-01-31,東京,8,course_meta_missing,https://db.netkeiba.com/race/202605010108/
202605010109,2026-01-31,東京,9,course_meta_missing,https://db.netkeiba.com/race/202605010109/
202605010107,2026-01-31,東京,7,course_meta_missing,https://db.netkeiba.com/race/202605010107/
202608020102,2026-01-31,京都,2,course_meta_missing,https://db.netkeiba.com/race/202608020102/
202608020101,2026-01-31,京都,1,course_meta_missing,https://db.netkeiba.com/race/202608020101/
202608020103,2026-01-31,京都,3,course_meta_missing,https://db.netkeiba.com/race/202608020103/
202608020104,2026-01-31,京都,4,course_meta_missing,https://db.netkeiba.com/race/202608020104/
202608020107,2026-01-31,京都,7,course_meta_missing,https://db.netkeiba.com/race/202608020107/
202608020109,2026-01-31,京都,9,course_meta_missing,https://db.netkeiba.com/race/202608020109/
202608020108,2026-01-31,京都,8,course_meta_missing,https://db.netkeiba.com/race/202608020108/
202608020111,2026-01-31,京都,11,course_meta_missing,https://db.netkeiba.com/race/202608020111/
202610010303,2026-01-31,小倉,3,course_meta_missing,https://db.netkeiba.com/race/202610010303/
202610010301,2026-01-31,小倉,1,course_meta_missing,https://db.netkeiba.com/race/202610010301/
202610010309,2026-01-31,小倉,9,course_meta_missing,https://db.netkeiba.com/race/202610010309/
202610010310,2026-01-31,小倉,10,course_meta_missing,https://db.netkeiba.com/race/202610010310/
202605010201,2026-02-01,東京,1,course_meta_missing,https://db.netkeiba.com/race/202605010201/
202605010203,2026-02-01,東京,3,course_meta_missing,https://db.netkeiba.com/race/202605010203/
202605010202,2026-02-01,東京,2,course_meta_missing,https://db.netkeiba.com/race/202605010202/
202605010204,2026-02-01,東京,4,course_meta_missing,https://db.netkeiba.com/race/202605010204/
202605010206,2026-02-01,東京,6,course_meta_missing,https://db.netkeiba.com/race/202605010206/
202605010208,2026-02-01,東京,8,course_meta_missing,https://db.netkeiba.com/race/202605010208/
202605010211,2026-02-01,東京,11,course_meta_missing,https://db.netkeiba.com/race/202605010211/
202608020201,2026-02-01,京都,1,course_meta_missing,https://db.netkeiba.com/race/202608020201/
202608020202,2026-02-01,京都,2,course_meta_missing,https://db.netkeiba.com/race/202608020202/
202608020204,2026-02-01,京都,4,course_meta_missing,https://db.netkeiba.com/race/202608020204/
202608020203,2026-02-01,京都,3,course_meta_missing,https://db.netkeiba.com/race/202608020203/
202608020206,2026-02-01,京都,6,course_meta_missing,https://db.netkeiba.com/race/202608020206/
202608020207,2026-02-01,京都,7,course_meta_missing,https://db.netkeiba.com/race/202608020207/
202608020209,2026-02-01,京都,9,course_meta_missing,https://db.netkeiba.com/race/202608020209/
202608020208,2026-02-01,京都,8,course_meta_missing,https://db.netkeiba.com/race/202608020208/
202610010401,2026-02-01,小倉,1,course_meta_missing,https://db.netkeiba.com/race/202610010401/
202610010403,2026-02-01,小倉,3,course_meta_missing,https://db.netkeiba.com/race/202610010403/
202610010407,2026-02-01,小倉,7,course_meta_missing,https://db.netkeiba.com/race/202610010407/
202610010411,2026-02-01,小倉,11,course_meta_missing,https://db.netkeiba.com/race/202610010411/
202605010301,2026-02-07,東京,1,course_meta_missing,https://db.netkeiba.com/race/202605010301/
202605010302,2026-02-07,東京,2,course_meta_missing,https://db.netkeiba.com/race/202605010302/
202605010303,2026-02-07,東京,3,course_meta_missing,https://db.netkeiba.com/race/202605010303/
202605010304,2026-02-07,東京,4,course_meta_missing,https://db.netkeiba.com/race/202605010304/
202605010307,2026-02-07,東京,7,course_meta_missing,https://db.netkeiba.com/race/202605010307/
202608020301,2026-02-07,京都,1,course_meta_missing,https://db.netkeiba.com/race/202608020301/
202608020303,2026-02-07,京都,3,course_meta_missing,https://db.netkeiba.com/race/202608020303/
202608020302,2026-02-07,京都,2,course_meta_missing,https://db.netkeiba.com/race/202608020302/
202608020304,2026-02-07,京都,4,course_meta_missing,https://db.netkeiba.com/race/202608020304/
202608020306,2026-02-07,京都,6,course_meta_missing,https://db.netkeiba.com/race/202608020306/
202608020309,2026-02-07,京都,9,course_meta_missing,https://db.netkeiba.com/race/202608020309/
202608020311,2026-02-07,京都,11,course_meta_missing,https://db.netkeiba.com/race/202608020311/
202610010501,2026-02-07,小倉,1,course_meta_missing,https://db.netkeiba.com/race/202610010501/
202608020312,2026-02-07,京都,12,course_meta_missing,https://db.netkeiba.com/race/202608020312/
202610010503,2026-02-07,小倉,3,course_meta_missing,https://db.netkeiba.com/race/202610010503/
202610010508,2026-02-07,小倉,8,course_meta_missing,https://db.netkeiba.com/race/202610010508/
202610010511,2026-02-07,小倉,11,course_meta_missing,https://db.netkeiba.com/race/202610010511/
202610010603,2026-02-08,小倉,3,course_meta_missing,https://db.netkeiba.com/race/202610010603/
202610010601,2026-02-08,小倉,1,course_meta_missing,https://db.netkeiba.com/race/202610010601/
202610010607,2026-02-08,小倉,7,course_meta_missing,https://db.netkeiba.com/race/202610010607/
202610010610,2026-02-08,小倉,10,course_meta_missing,https://db.netkeiba.com/race/202610010610/
202605010401,2026-02-10,東京,1,course_meta_missing,https://db.netkeiba.com/race/202605010401/
202605010402,2026-02-10,東京,2,course_meta_missing,https://db.netkeiba.com/race/202605010402/
202605010403,2026-02-10,東京,3,course_meta_missing,https://db.netkeiba.com/race/202605010403/
202605010404,2026-02-10,東京,4,course_meta_missing,https://db.netkeiba.com/race/202605010404/
202605010408,2026-02-10,東京,8,course_meta_missing,https://db.netkeiba.com/race/202605010408/
202605010412,2026-02-10,東京,12,course_meta_missing,https://db.netkeiba.com/race/202605010412/
202608020401,2026-02-10,京都,1,course_meta_missing,https://db.netkeiba.com/race/202608020401/
202608020403,2026-02-10,京都,3,course_meta_missing,https://db.netkeiba.com/race/202608020403/
202608020402,2026-02-10,京都,2,course_meta_missing,https://db.netkeiba.com/race/202608020402/
202608020404,2026-02-10,京都,4,course_meta_missing,https://db.netkeiba.com/race/202608020404/
202608020407,2026-02-10,京都,7,course_meta_missing,https://db.netkeiba.com/race/202608020407/
202605010501,2026-02-14,東京,1,course_meta_missing,https://db.netkeiba.com/race/202605010501/
202608020410,2026-02-10,京都,10,course_meta_missing,https://db.netkeiba.com/race/202608020410/
202608020412,2026-02-10,京都,12,course_meta_missing,https://db.netkeiba.com/race/202608020412/
202605010502,2026-02-14,東京,2,course_meta_missing,https://db.netkeiba.com/race/202605010502/
202605010504,2026-02-14,東京,4,course_meta_missing,https://db.netkeiba.com/race/202605010504/
202605010503,2026-02-14,東京,3,course_meta_missing,https://db.netkeiba.com/race/202605010503/
202605010508,2026-02-14,東京,8,course_meta_missing,https://db.netkeiba.com/race/202605010508/
202605010510,2026-02-14,東京,10,course_meta_missing,https://db.netkeiba.com/race/202605010510/
202608020501,2026-02-14,京都,1,course_meta_missing,https://db.netkeiba.com/race/202608020501/
202608020502,2026-02-14,京都,2,course_meta_missing,https://db.netkeiba.com/race/202608020502/
202608020503,2026-02-14,京都,3,course_meta_missing,https://db.netkeiba.com/race/202608020503/
202608020504,2026-02-14,京都,4,course_meta_missing,https://db.netkeiba.com/race/202608020504/
202608020505,2026-02-14,京都,5,course_meta_missing,https://db.netkeiba.com/race/202608020505/
202608020507,2026-02-14,京都,7,course_meta_missing,https://db.netkeiba.com/race/202608020507/
202608020508,2026-02-14,京都,8,course_meta_missing,https://db.netkeiba.com/race/202608020508/
202608020512,2026-02-14,京都,12,course_meta_missing,https://db.netkeiba.com/race/202608020512/
202610010701,2026-02-14,小倉,1,course_meta_missing,https://db.netkeiba.com/race/202610010701/
202610010703,2026-02-14,小倉,3,course_meta_missing,https://db.netkeiba.com/race/202610010703/
202610010710,2026-02-14,小倉,10,course_meta_missing,https://db.netkeiba.com/race/202610010710/
202610010707,2026-02-14,小倉,7,course_meta_missing,https://db.netkeiba.com/race/202610010707/
202605010602,2026-02-15,東京,2,course_meta_missing,https://db.netkeiba.com/race/202605010602/
202605010601,2026-02-15,東京,1,course_meta_missing,https://db.netkeiba.com/race/202605010601/
202605010603,2026-02-15,東京,3,course_meta_missing,https://db.netkeiba.com/race/202605010603/
202605010607,2026-02-15,東京,7,course_meta_missing,https://db.netkeiba.com/race/202605010607/
202605010604,2026-02-15,東京,4,course_meta_missing,https://db.netkeiba.com/race/202605010604/
202605010610,2026-02-15,東京,10,course_meta_missing,https://db.netkeiba.com/race/202605010610/
202605010612,2026-02-15,東京,12,course_meta_missing,https://db.netkeiba.com/race/202605010612/
202608020601,2026-02-15,京都,1,course_meta_missing,https://db.netkeiba.com/race/202608020601/
202608020604,2026-02-15,京都,4,course_meta_missing,https://db.netkeiba.com/race/202608020604/
202608020603,2026-02-15,京都,3,course_meta_missing,https://db.netkeiba.com/race/202608020603/
202608020602,2026-02-15,京都,2,course_meta_missing,https://db.netkeiba.com/race/202608020602/
202608020607,2026-02-15,京都,7,course_meta_missing,https://db.netkeiba.com/race/202608020607/
202608020610,2026-02-15,京都,10,course_meta_missing,https://db.netkeiba.com/race/202608020610/
202610010803,2026-02-15,小倉,3,course_meta_missing,https://db.netkeiba.com/race/202610010803/
202608020612,2026-02-15,京都,12,course_meta_missing,https://db.netkeiba.com/race/202608020612/
202610010801,2026-02-15,小倉,1,course_meta_missing,https://db.netkeiba.com/race/202610010801/
202610010808,2026-02-15,小倉,8,course_meta_missing,https://db.netkeiba.com/race/202610010808/
202610010812,2026-02-15,小倉,12,course_meta_missing,https://db.netkeiba.com/race/202610010812/
202605010702,2026-02-21,東京,2,course_meta_missing,https://db.netkeiba.com/race/202605010702/
202605010703,2026-02-21,東京,3,course_meta_missing,https://db.netkeiba.com/race/202605010703/
202605010701,2026-02-21,東京,1,course_meta_missing,https://db.netkeiba.com/race/202605010701/
202605010704,2026-02-21,東京,4,course_meta_missing,https://db.netkeiba.com/race/202605010704/
202605010707,2026-02-21,東京,7,course_meta_missing,https://db.netkeiba.com/race/202605010707/
202605010712,2026-02-21,東京,12,course_meta_missing,https://db.netkeiba.com/race/202605010712/
202605010710,2026-02-21,東京,10,course_meta_missing,https://db.netkeiba.com/race/202605010710/
202609010101,2026-02-21,阪神,1,course_meta_missing,https://db.netkeiba.com/race/202609010101/
202609010102,2026-02-21,阪神,2,course_meta_missing,https://db.netkeiba.com/race/202609010102/
202609010103,2026-02-21,阪神,3,course_meta_missing,https://db.netkeiba.com/race/202609010103/
202609010104,2026-02-21,阪神,4,course_meta_missing,https://db.netkeiba.com/race/202609010104/
202609010107,2026-02-21,阪神,7,course_meta_missing,https://db.netkeiba.com/race/202609010107/
202609010110,2026-02-21,阪神,10,course_meta_missing,https://db.netkeiba.com/race/202609010110/
202609010112,2026-02-21,阪神,12,course_meta_missing,https://db.netkeiba.com/race/202609010112/
202610010901,2026-02-21,小倉,1,course_meta_missing,https://db.netkeiba.com/race/202610010901/
202610010903,2026-02-21,小倉,3,course_meta_missing,https://db.netkeiba.com/race/202610010903/
202610010907,2026-02-21,小倉,7,course_meta_missing,https://db.netkeiba.com/race/202610010907/
202610010911,2026-02-21,小倉,11,course_meta_missing,https://db.netkeiba.com/race/202610010911/
202605010801,2026-02-22,東京,1,course_meta_missing,https://db.netkeiba.com/race/202605010801/
202605010802,2026-02-22,東京,2,course_meta_missing,https://db.netkeiba.com/race/202605010802/
202605010803,2026-02-22,東京,3,course_meta_missing,https://db.netkeiba.com/race/202605010803/
202605010807,2026-02-22,東京,7,course_meta_missing,https://db.netkeiba.com/race/202605010807/
202605010809,2026-02-22,東京,9,course_meta_missing,https://db.netkeiba.com/race/202605010809/
202605010812,2026-02-22,東京,12,course_meta_missing,https://db.netkeiba.com/race/202605010812/
202609010201,2026-02-22,阪神,1,course_meta_missing,https://db.netkeiba.com/race/202609010201/
202605010811,2026-02-22,東京,11,course_meta_missing,https://db.netkeiba.com/race/202605010811/
202609010202,2026-02-22,阪神,2,course_meta_missing,https://db.netkeiba.com/race/202609010202/
202609010204,2026-02-22,阪神,4,course_meta_missing,https://db.netkeiba.com/race/202609010204/
202609010203,2026-02-22,阪神,3,course_meta_missing,https://db.netkeiba.com/race/202609010203/
202609010206,2026-02-22,阪神,6,course_meta_missing,https://db.netkeiba.com/race/202609010206/
202609010208,2026-02-22,阪神,8,course_meta_missing,https://db.netkeiba.com/race/202609010208/
202609010211,2026-02-22,阪神,11,course_meta_missing,https://db.netkeiba.com/race/202609010211/
202609010212,2026-02-22,阪神,12,course_meta_missing,https://db.netkeiba.com/race/202609010212/
202610011003,2026-02-22,小倉,3,course_meta_missing,https://db.netkeiba.com/race/202610011003/
202610011001,2026-02-22,小倉,1,course_meta_missing,https://db.netkeiba.com/race/202610011001/
202610011007,2026-02-22,小倉,7,course_meta_missing,https://db.netkeiba.com/race/202610011007/
202610011010,2026-02-22,小倉,10,course_meta_missing,https://db.netkeiba.com/race/202610011010/
202606020101,2026-02-28,中山,1,course_meta_missing,https://db.netkeiba.com/race/202606020101/
202606020103,2026-02-28,中山,3,course_meta_missing,https://db.netkeiba.com/race/202606020103/
202606020102,2026-02-28,中山,2,course_meta_missing,https://db.netkeiba.com/race/202606020102/
202606020104,2026-02-28,中山,4,course_meta_missing,https://db.netkeiba.com/race/202606020104/
202606020107,2026-02-28,中山,7,course_meta_missing,https://db.netkeiba.com/race/202606020107/
202606020112,2026-02-28,中山,12,course_meta_missing,https://db.netkeiba.com/race/202606020112/
202609010301,2026-02-28,阪神,1,course_meta_missing,https://db.netkeiba.com/race/202609010301/
202606020110,2026-02-28,中山,10,course_meta_missing,https://db.netkeiba.com/race/202606020110/
202609010302,2026-02-28,阪神,2,course_meta_missing,https://db.netkeiba.com/race/202609010302/
202609010303,2026-02-28,阪神,3,course_meta_missing,https://db.netkeiba.com/race/202609010303/
202609010304,2026-02-28,阪神,4,course_meta_missing,https://db.netkeiba.com/race/202609010304/
202609010306,2026-02-28,阪神,6,course_meta_missing,https://db.netkeiba.com/race/202609010306/
202609010308,2026-02-28,阪神,8,course_meta_missing,https://db.netkeiba.com/race/202609010308/
202609010307,2026-02-28,阪神,7,course_meta_missing,https://db.netkeiba.com/race/202609010307/
202609010311,2026-02-28,阪神,11,course_meta_missing,https://db.netkeiba.com/race/202609010311/
202610011101,2026-02-28,小倉,1,course_meta_missing,https://db.netkeiba.com/race/202610011101/
202610011103,2026-02-28,小倉,3,course_meta_missing,https://db.netkeiba.com/race/202610011103/
202610011107,2026-02-28,小倉,7,course_meta_missing,https://db.netkeiba.com/race/202610011107/
202610011110,2026-02-28,小倉,10,course_meta_missing,https://db.netkeiba.com/race/202610011110/
202606020201,2026-03-01,中山,1,course_meta_missing,https://db.netkeiba.com/race/202606020201/
202606020203,2026-03-01,中山,3,course_meta_missing,https://db.netkeiba.com/race/202606020203/
202606020204,2026-03-01,中山,4,course_meta_missing,https://db.netkeiba.com/race/202606020204/
202606020202,2026-03-01,中山,2,course_meta_missing,https://db.netkeiba.com/race/202606020202/
202606020206,2026-03-01,中山,6,course_meta_missing,https://db.netkeiba.com/race/202606020206/
202606020208,2026-03-01,中山,8,course_meta_missing,https://db.netkeiba.com/race/202606020208/
202609010401,2026-03-01,阪神,1,course_meta_missing,https://db.netkeiba.com/race/202609010401/
202606020212,2026-03-01,中山,12,course_meta_missing,https://db.netkeiba.com/race/202606020212/
202609010402,2026-03-01,阪神,2,course_meta_missing,https://db.netkeiba.com/race/202609010402/
202609010403,2026-03-01,阪神,3,course_meta_missing,https://db.netkeiba.com/race/202609010403/
202609010404,2026-03-01,阪神,4,course_meta_missing,https://db.netkeiba.com/race/202609010404/
202609010407,2026-03-01,阪神,7,course_meta_missing,https://db.netkeiba.com/race/202609010407/
202609010410,2026-03-01,阪神,10,course_meta_missing,https://db.netkeiba.com/race/202609010410/
202609010412,2026-03-01,阪神,12,course_meta_missing,https://db.netkeiba.com/race/202609010412/
202610011201,2026-03-01,小倉,1,course_meta_missing,https://db.netkeiba.com/race/202610011201/
202610011203,2026-03-01,小倉,3,course_meta_missing,https://db.netkeiba.com/race/202610011203/
202610011208,2026-03-01,小倉,8,course_meta_missing,https://db.netkeiba.com/race/202610011208/
202610011212,2026-03-01,小倉,12,course_meta_missing,https://db.netkeiba.com/race/202610011212/
202606020301,2026-03-07,中山,1,course_meta_missing,https://db.netkeiba.com/race/202606020301/
202606020303,2026-03-07,中山,3,course_meta_missing,https://db.netkeiba.com/race/202606020303/
202606020302,2026-03-07,中山,2,course_meta_missing,https://db.netkeiba.com/race/202606020302/
202606020307,2026-03-07,中山,7,course_meta_missing,https://db.netkeiba.com/race/202606020307/
202606020308,2026-03-07,中山,8,course_meta_missing,https://db.netkeiba.com/race/202606020308/
202606020310,2026-03-07,中山,10,course_meta_missing,https://db.netkeiba.com/race/202606020310/
202609010502,2026-03-07,阪神,2,course_meta_missing,https://db.netkeiba.com/race/202609010502/
202609010501,2026-03-07,阪神,1,course_meta_missing,https://db.netkeiba.com/race/202609010501/
202609010503,2026-03-07,阪神,3,course_meta_missing,https://db.netkeiba.com/race/202609010503/
202609010506,2026-03-07,阪神,6,course_meta_missing,https://db.netkeiba.com/race/202609010506/
202609010510,2026-03-07,阪神,10,course_meta_missing,https://db.netkeiba.com/race/202609010510/
202609010507,2026-03-07,阪神,7,course_meta_missing,https://db.netkeiba.com/race/202609010507/
202606020402,2026-03-08,中山,2,course_meta_missing,https://db.netkeiba.com/race/202606020402/
202609010512,2026-03-07,阪神,12,course_meta_missing,https://db.netkeiba.com/race/202609010512/
202606020401,2026-03-08,中山,1,course_meta_missing,https://db.netkeiba.com/race/202606020401/
202606020403,2026-03-08,中山,3,course_meta_missing,https://db.netkeiba.com/race/202606020403/
202606020406,2026-03-08,中山,6,course_meta_missing,https://db.netkeiba.com/race/202606020406/
202606020408,2026-03-08,中山,8,course_meta_missing,https://db.netkeiba.com/race/202606020408/
202606020410,2026-03-08,中山,10,course_meta_missing,https://db.netkeiba.com/race/202606020410/
202609010601,2026-03-08,阪神,1,course_meta_missing,https://db.netkeiba.com/race/202609010601/
202609010602,2026-03-08,阪神,2,course_meta_missing,https://db.netkeiba.com/race/202609010602/
202609010604,2026-03-08,阪神,4,course_meta_missing,https://db.netkeiba.com/race/202609010604/
202609010606,2026-03-08,阪神,6,course_meta_missing,https://db.netkeiba.com/race/202609010606/
202609010605,2026-03-08,阪神,5,course_meta_missing,https://db.netkeiba.com/race/202609010605/
202609010603,2026-03-08,阪神,3,course_meta_missing,https://db.netkeiba.com/race/202609010603/
202609010608,2026-03-08,阪神,8,course_meta_missing,https://db.netkeiba.com/race/202609010608/
202609010612,2026-03-08,阪神,12,course_meta_missing,https://db.netkeiba.com/race/202609010612/
202606020502,2026-03-14,中山,2,course_meta_missing,https://db.netkeiba.com/race/202606020502/
202606020501,2026-03-14,中山,1,course_meta_missing,https://db.netkeiba.com/race/202606020501/
202606020503,2026-03-14,中山,3,course_meta_missing,https://db.netkeiba.com/race/202606020503/
202606020504,2026-03-14,中山,4,course_meta_missing,https://db.netkeiba.com/race/202606020504/
202606020506,2026-03-14,中山,6,course_meta_missing,https://db.netkeiba.com/race/202606020506/
202606020508,2026-03-14,中山,8,course_meta_missing,https://db.netkeiba.com/race/202606020508/
202606020512,2026-03-14,中山,12,course_meta_missing,https://db.netkeiba.com/race/202606020512/
202607010101,2026-03-14,中京,1,course_meta_missing,https://db.netkeiba.com/race/202607010101/
202607010103,2026-03-14,中京,3,course_meta_missing,https://db.netkeiba.com/race/202607010103/
202607010102,2026-03-14,中京,2,course_meta_missing,https://db.netkeiba.com/race/202607010102/
202607010106,2026-03-14,中京,6,course_meta_missing,https://db.netkeiba.com/race/202607010106/
202607010108,2026-03-14,中京,8,course_meta_missing,https://db.netkeiba.com/race/202607010108/
202607010111,2026-03-14,中京,11,course_meta_missing,https://db.netkeiba.com/race/202607010111/
202609010701,2026-03-14,阪神,1,course_meta_missing,https://db.netkeiba.com/race/202609010701/
202609010703,2026-03-14,阪神,3,course_meta_missing,https://db.netkeiba.com/race/202609010703/
202609010702,2026-03-14,阪神,2,course_meta_missing,https://db.netkeiba.com/race/202609010702/
202609010706,2026-03-14,阪神,6,course_meta_missing,https://db.netkeiba.com/race/202609010706/
202609010707,2026-03-14,阪神,7,course_meta_missing,https://db.netkeiba.com/race/202609010707/
202609010711,2026-03-14,阪神,11,course_meta_missing,https://db.netkeiba.com/race/202609010711/
202609010712,2026-03-14,阪神,12,course_meta_missing,https://db.netkeiba.com/race/202609010712/
202606020601,2026-03-15,中山,1,course_meta_missing,https://db.netkeiba.com/race/202606020601/
202606020604,2026-03-15,中山,4,course_meta_missing,https://db.netkeiba.com/race/202606020604/
202606020603,2026-03-15,中山,3,course_meta_missing,https://db.netkeiba.com/race/202606020603/
202606020606,2026-03-15,中山,6,course_meta_missing,https://db.netkeiba.com/race/202606020606/
202606020602,2026-03-15,中山,2,course_meta_missing,https://db.netkeiba.com/race/202606020602/
202606020609,2026-03-15,中山,9,course_meta_missing,https://db.netkeiba.com/race/202606020609/
202606020612,2026-03-15,中山,12,course_meta_missing,https://db.netkeiba.com/race/202606020612/
202607010201,2026-03-15,中京,1,course_meta_missing,https://db.netkeiba.com/race/202607010201/
202607010202,2026-03-15,中京,2,course_meta_missing,https://db.netkeiba.com/race/202607010202/
202607010206,2026-03-15,中京,6,course_meta_missing,https://db.netkeiba.com/race/202607010206/
202607010207,2026-03-15,中京,7,course_meta_missing,https://db.netkeiba.com/race/202607010207/
202607010210,2026-03-15,中京,10,course_meta_missing,https://db.netkeiba.com/race/202607010210/
202607010209,2026-03-15,中京,9,course_meta_missing,https://db.netkeiba.com/race/202607010209/
202609010801,2026-03-15,阪神,1,course_meta_missing,https://db.netkeiba.com/race/202609010801/
202609010802,2026-03-15,阪神,2,course_meta_missing,https://db.netkeiba.com/race/202609010802/
202609010803,2026-03-15,阪神,3,course_meta_missing,https://db.netkeiba.com/race/202609010803/
202609010808,2026-03-15,阪神,8,course_meta_missing,https://db.netkeiba.com/race/202609010808/
202609010810,2026-03-15,阪神,10,course_meta_missing,https://db.netkeiba.com/race/202609010810/
202609010812,2026-03-15,阪神,12,course_meta_missing,https://db.netkeiba.com/race/202609010812/
202606020702,2026-03-21,中山,2,course_meta_missing,https://db.netkeiba.com/race/202606020702/
202606020704,2026-03-21,中山,4,course_meta_missing,https://db.netkeiba.com/race/202606020704/
202606020703,2026-03-21,中山,3,course_meta_missing,https://db.netkeiba.com/race/202606020703/
202606020701,2026-03-21,中山,1,course_meta_missing,https://db.netkeiba.com/race/202606020701/
202606020707,2026-03-21,中山,7,course_meta_missing,https://db.netkeiba.com/race/202606020707/
202606020710,2026-03-21,中山,10,course_meta_missing,https://db.netkeiba.com/race/202606020710/
202607010301,2026-03-21,中京,1,course_meta_missing,https://db.netkeiba.com/race/202607010301/
202606020712,2026-03-21,中山,12,course_meta_missing,https://db.netkeiba.com/race/202606020712/
202607010302,2026-03-21,中京,2,course_meta_missing,https://db.netkeiba.com/race/202607010302/
202607010303,2026-03-21,中京,3,course_meta_missing,https://db.netkeiba.com/race/202607010303/
202607010307,2026-03-21,中京,7,course_meta_missing,https://db.netkeiba.com/race/202607010307/
202607010310,2026-03-21,中京,10,course_meta_missing,https://db.netkeiba.com/race/202607010310/
202609010901,2026-03-21,阪神,1,course_meta_missing,https://db.netkeiba.com/race/202609010901/
202609010902,2026-03-21,阪神,2,course_meta_missing,https://db.netkeiba.com/race/202609010902/
202609010903,2026-03-21,阪神,3,course_meta_missing,https://db.netkeiba.com/race/202609010903/
202609010904,2026-03-21,阪神,4,course_meta_missing,https://db.netkeiba.com/race/202609010904/
202609010908,2026-03-21,阪神,8,course_meta_missing,https://db.netkeiba.com/race/202609010908/
202609010907,2026-03-21,阪神,7,course_meta_missing,https://db.netkeiba.com/race/202609010907/
202609010906,2026-03-21,阪神,6,course_meta_missing,https://db.netkeiba.com/race/202609010906/
202606020801,2026-03-22,中山,1,course_meta_missing,https://db.netkeiba.com/race/202606020801/
202609010912,2026-03-21,阪神,12,course_meta_missing,https://db.netkeiba.com/race/202609010912/
202606020802,2026-03-22,中山,2,course_meta_missing,https://db.netkeiba.com/race/202606020802/
202606020803,2026-03-22,中山,3,course_meta_missing,https://db.netkeiba.com/race/202606020803/
202606020809,2026-03-22,中山,9,course_meta_missing,https://db.netkeiba.com/race/202606020809/
202606020811,2026-03-22,中山,11,course_meta_missing,https://db.netkeiba.com/race/202606020811/
202606020808,2026-03-22,中山,8,course_meta_missing,https://db.netkeiba.com/race/202606020808/
202606020812,2026-03-22,中山,12,course_meta_missing,https://db.netkeiba.com/race/202606020812/
202607010401,2026-03-22,中京,1,course_meta_missing,https://db.netkeiba.com/race/202607010401/
202607010402,2026-03-22,中京,2,course_meta_missing,https://db.netkeiba.com/race/202607010402/
202607010403,2026-03-22,中京,3,course_meta_missing,https://db.netkeiba.com/race/202607010403/
202607010407,2026-03-22,中京,7,course_meta_missing,https://db.netkeiba.com/race/202607010407/
202607010410,2026-03-22,中京,10,course_meta_missing,https://db.netkeiba.com/race/202607010410/
202607010412,2026-03-22,中京,12,course_meta_missing,https://db.netkeiba.com/race/202607010412/
202609011002,2026-03-22,阪神,2,course_meta_missing,https://db.netkeiba.com/race/202609011002/
202609011003,2026-03-22,阪神,3,course_meta_missing,https://db.netkeiba.com/race/202609011003/
202609011001,2026-03-22,阪神,1,course_meta_missing,https://db.netkeiba.com/race/202609011001/
202609011006,2026-03-22,阪神,6,course_meta_missing,https://db.netkeiba.com/race/202609011006/
202609011010,2026-03-22,阪神,10,course_meta_missing,https://db.netkeiba.com/race/202609011010/
202609011012,2026-03-22,阪神,12,course_meta_missing,https://db.netkeiba.com/race/202609011012/
202609011008,2026-03-22,阪神,8,course_meta_missing,https://db.netkeiba.com/race/202609011008/
202606030102,2026-03-28,中山,2,course_meta_missing,https://db.netkeiba.com/race/202606030102/
202606030101,2026-03-28,中山,1,course_meta_missing,https://db.netkeiba.com/race/202606030101/
202606030103,2026-03-28,中山,3,course_meta_missing,https://db.netkeiba.com/race/202606030103/
202606030104,2026-03-28,中山,4,course_meta_missing,https://db.netkeiba.com/race/202606030104/
202606030107,2026-03-28,中山,7,course_meta_missing,https://db.netkeiba.com/race/202606030107/
202606030109,2026-03-28,中山,9,course_meta_missing,https://db.netkeiba.com/race/202606030109/
202606030110,2026-03-28,中山,10,course_meta_missing,https://db.netkeiba.com/race/202606030110/
202607010502,2026-03-28,中京,2,course_meta_missing,https://db.netkeiba.com/race/202607010502/
202606030112,2026-03-28,中山,12,course_meta_missing,https://db.netkeiba.com/race/202606030112/
202607010501,2026-03-28,中京,1,course_meta_missing,https://db.netkeiba.com/race/202607010501/
202607010504,2026-03-28,中京,4,course_meta_missing,https://db.netkeiba.com/race/202607010504/
202607010506,2026-03-28,中京,6,course_meta_missing,https://db.netkeiba.com/race/202607010506/
202607010509,2026-03-28,中京,9,course_meta_missing,https://db.netkeiba.com/race/202607010509/
202609020101,2026-03-28,阪神,1,course_meta_missing,https://db.netkeiba.com/race/202609020101/
202609020102,2026-03-28,阪神,2,course_meta_missing,https://db.netkeiba.com/race/202609020102/
202609020103,2026-03-28,阪神,3,course_meta_missing,https://db.netkeiba.com/race/202609020103/
202609020104,2026-03-28,阪神,4,course_meta_missing,https://db.netkeiba.com/race/202609020104/
202609020107,2026-03-28,阪神,7,course_meta_missing,https://db.netkeiba.com/race/202609020107/
202609020112,2026-03-28,阪神,12,course_meta_missing,https://db.netkeiba.com/race/202609020112/
202606030202,2026-03-29,中山,2,course_meta_missing,https://db.netkeiba.com/race/202606030202/
202606030203,2026-03-29,中山,3,course_meta_missing,https://db.netkeiba.com/race/202606030203/
202606030201,2026-03-29,中山,1,course_meta_missing,https://db.netkeiba.com/race/202606030201/
202606030208,2026-03-29,中山,8,course_meta_missing,https://db.netkeiba.com/race/202606030208/
202606030206,2026-03-29,中山,6,course_meta_missing,https://db.netkeiba.com/race/202606030206/
202606030207,2026-03-29,中山,7,course_meta_missing,https://db.netkeiba.com/race/202606030207/
202606030211,2026-03-29,中山,11,course_meta_missing,https://db.netkeiba.com/race/202606030211/
202607010603,2026-03-29,中京,3,course_meta_missing,https://db.netkeiba.com/race/202607010603/
202607010602,2026-03-29,中京,2,course_meta_missing,https://db.netkeiba.com/race/202607010602/
202607010601,2026-03-29,中京,1,course_meta_missing,https://db.netkeiba.com/race/202607010601/
202607010607,2026-03-29,中京,7,course_meta_missing,https://db.netkeiba.com/race/202607010607/
202607010612,2026-03-29,中京,12,course_meta_missing,https://db.netkeiba.com/race/202607010612/
202607010610,2026-03-29,中京,10,course_meta_missing,https://db.netkeiba.com/race/202607010610/
202609020201,2026-03-29,阪神,1,course_meta_missing,https://db.netkeiba.com/race/202609020201/
202609020203,2026-03-29,阪神,3,course_meta_missing,https://db.netkeiba.com/race/202609020203/
202609020202,2026-03-29,阪神,2,course_meta_missing,https://db.netkeiba.com/race/202609020202/
202609020206,2026-03-29,阪神,6,course_meta_missing,https://db.netkeiba.com/race/202609020206/
202609020209,2026-03-29,阪神,9,course_meta_missing,https://db.netkeiba.com/race/202609020209/
202609020212,2026-03-29,阪神,12,course_meta_missing,https://db.netkeiba.com/race/202609020212/
202606030301,2026-04-04,中山,1,course_meta_missing,https://db.netkeiba.com/race/202606030301/
202606030302,2026-04-04,中山,2,course_meta_missing,https://db.netkeiba.com/race/202606030302/
202606030303,2026-04-04,中山,3,course_meta_missing,https://db.netkeiba.com/race/202606030303/
202606030306,2026-04-04,中山,6,course_meta_missing,https://db.netkeiba.com/race/202606030306/
202606030308,2026-04-04,中山,8,course_meta_missing,https://db.netkeiba.com/race/202606030308/
202606030310,2026-04-04,中山,10,course_meta_missing,https://db.netkeiba.com/race/202606030310/
202606030312,2026-04-04,中山,12,course_meta_missing,https://db.netkeiba.com/race/202606030312/
202609020301,2026-04-04,阪神,1,course_meta_missing,https://db.netkeiba.com/race/202609020301/
202609020302,2026-04-04,阪神,2,course_meta_missing,https://db.netkeiba.com/race/202609020302/
202609020303,2026-04-04,阪神,3,course_meta_missing,https://db.netkeiba.com/race/202609020303/
202609020306,2026-04-04,阪神,6,course_meta_missing,https://db.netkeiba.com/race/202609020306/
202609020310,2026-04-04,阪神,10,course_meta_missing,https://db.netkeiba.com/race/202609020310/
202609020307,2026-04-04,阪神,7,course_meta_missing,https://db.netkeiba.com/race/202609020307/
202609020312,2026-04-04,阪神,12,course_meta_missing,https://db.netkeiba.com/race/202609020312/
202606030401,2026-04-05,中山,1,course_meta_missing,https://db.netkeiba.com/race/202606030401/
202606030402,2026-04-05,中山,2,course_meta_missing,https://db.netkeiba.com/race/202606030402/
202606030406,2026-04-05,中山,6,course_meta_missing,https://db.netkeiba.com/race/202606030406/
202606030403,2026-04-05,中山,3,course_meta_missing,https://db.netkeiba.com/race/202606030403/
202606030408,2026-04-05,中山,8,course_meta_missing,https://db.netkeiba.com/race/202606030408/
202609020401,2026-04-05,阪神,1,course_meta_missing,https://db.netkeiba.com/race/202609020401/
202606030410,2026-04-05,中山,10,course_meta_missing,https://db.netkeiba.com/race/202606030410/
202609020405,2026-04-05,阪神,5,course_meta_missing,https://db.netkeiba.com/race/202609020405/
202609020403,2026-04-05,阪神,3,course_meta_missing,https://db.netkeiba.com/race/202609020403/
202609020402,2026-04-05,阪神,2,course_meta_missing,https://db.netkeiba.com/race/202609020402/
202609020407,2026-04-05,阪神,7,course_meta_missing,https://db.netkeiba.com/race/202609020407/
202609020409,2026-04-05,阪神,9,course_meta_missing,https://db.netkeiba.com/race/202609020409/
202609020412,2026-04-05,阪神,12,course_meta_missing,https://db.netkeiba.com/race/202609020412/
202603010101,2026-04-11,福島,1,course_meta_missing,https://db.netkeiba.com/race/202603010101/
202603010107,2026-04-11,福島,7,course_meta_missing,https://db.netkeiba.com/race/202603010107/
202603010104,2026-04-11,福島,4,course_meta_missing,https://db.netkeiba.com/race/202603010104/
202603010108,2026-04-11,福島,8,course_meta_missing,https://db.netkeiba.com/race/202603010108/
202603010111,2026-04-11,福島,11,course_meta_missing,https://db.netkeiba.com/race/202603010111/
202606030501,2026-04-11,中山,1,course_meta_missing,https://db.netkeiba.com/race/202606030501/
202606030503,2026-04-11,中山,3,course_meta_missing,https://db.netkeiba.com/race/202606030503/
202606030502,2026-04-11,中山,2,course_meta_missing,https://db.netkeiba.com/race/202606030502/
202606030507,2026-04-11,中山,7,course_meta_missing,https://db.netkeiba.com/race/202606030507/
202606030510,2026-04-11,中山,10,course_meta_missing,https://db.netkeiba.com/race/202606030510/
202606030508,2026-04-11,中山,8,course_meta_missing,https://db.netkeiba.com/race/202606030508/
202609020502,2026-04-11,阪神,2,course_meta_missing,https://db.netkeiba.com/race/202609020502/
202609020501,2026-04-11,阪神,1,course_meta_missing,https://db.netkeiba.com/race/202609020501/
202606030512,2026-04-11,中山,12,course_meta_missing,https://db.netkeiba.com/race/202606030512/
202609020503,2026-04-11,阪神,3,course_meta_missing,https://db.netkeiba.com/race/202609020503/
202609020505,2026-04-11,阪神,5,course_meta_missing,https://db.netkeiba.com/race/202609020505/
202609020508,2026-04-11,阪神,8,course_meta_missing,https://db.netkeiba.com/race/202609020508/
202609020507,2026-04-11,阪神,7,course_meta_missing,https://db.netkeiba.com/race/202609020507/
202609020512,2026-04-11,阪神,12,course_meta_missing,https://db.netkeiba.com/race/202609020512/
202603010201,2026-04-12,福島,1,course_meta_missing,https://db.netkeiba.com/race/202603010201/
202603010203,2026-04-12,福島,3,course_meta_missing,https://db.netkeiba.com/race/202603010203/
202603010207,2026-04-12,福島,7,course_meta_missing,https://db.netkeiba.com/race/202603010207/
202603010210,2026-04-12,福島,10,course_meta_missing,https://db.netkeiba.com/race/202603010210/
202603010212,2026-04-12,福島,12,course_meta_missing,https://db.netkeiba.com/race/202603010212/
202606030601,2026-04-12,中山,1,course_meta_missing,https://db.netkeiba.com/race/202606030601/
202606030602,2026-04-12,中山,2,course_meta_missing,https://db.netkeiba.com/race/202606030602/
202606030603,2026-04-12,中山,3,course_meta_missing,https://db.netkeiba.com/race/202606030603/
202606030606,2026-04-12,中山,6,course_meta_missing,https://db.netkeiba.com/race/202606030606/
202606030609,2026-04-12,中山,9,course_meta_missing,https://db.netkeiba.com/race/202606030609/
202606030612,2026-04-12,中山,12,course_meta_missing,https://db.netkeiba.com/race/202606030612/
202609020602,2026-04-12,阪神,2,course_meta_missing,https://db.netkeiba.com/race/202609020602/
202609020601,2026-04-12,阪神,1,course_meta_missing,https://db.netkeiba.com/race/202609020601/
202609020603,2026-04-12,阪神,3,course_meta_missing,https://db.netkeiba.com/race/202609020603/
202609020606,2026-04-12,阪神,6,course_meta_missing,https://db.netkeiba.com/race/202609020606/
202609020605,2026-04-12,阪神,5,course_meta_missing,https://db.netkeiba.com/race/202609020605/
202609020608,2026-04-12,阪神,8,course_meta_missing,https://db.netkeiba.com/race/202609020608/
202609020612,2026-04-12,阪神,12,course_meta_missing,https://db.netkeiba.com/race/202609020612/
202604010103,2026-05-02,新潟,3,course_meta_missing,https://db.netkeiba.com/race/202604010103/
202604010102,2026-05-02,新潟,2,course_meta_missing,https://db.netkeiba.com/race/202604010102/
202604010107,2026-05-02,新潟,7,course_meta_missing,https://db.netkeiba.com/race/202604010107/
202604010109,2026-05-02,新潟,9,course_meta_missing,https://db.netkeiba.com/race/202604010109/
202604010111,2026-05-02,新潟,11,course_meta_missing,https://db.netkeiba.com/race/202604010111/
202605020301,2026-05-02,東京,1,course_meta_missing,https://db.netkeiba.com/race/202605020301/
202605020302,2026-05-02,東京,2,course_meta_missing,https://db.netkeiba.com/race/202605020302/
202605020303,2026-05-02,東京,3,course_meta_missing,https://db.netkeiba.com/race/202605020303/
202605020307,2026-05-02,東京,7,course_meta_missing,https://db.netkeiba.com/race/202605020307/
202605020309,2026-05-02,東京,9,course_meta_missing,https://db.netkeiba.com/race/202605020309/
202605020312,2026-05-02,東京,12,course_meta_missing,https://db.netkeiba.com/race/202605020312/
202608030301,2026-05-02,京都,1,course_meta_missing,https://db.netkeiba.com/race/202608030301/
202608030302,2026-05-02,京都,2,course_meta_missing,https://db.netkeiba.com/race/202608030302/
202608030306,2026-05-02,京都,6,course_meta_missing,https://db.netkeiba.com/race/202608030306/
202608030308,2026-05-02,京都,8,course_meta_missing,https://db.netkeiba.com/race/202608030308/
202608030310,2026-05-02,京都,10,course_meta_missing,https://db.netkeiba.com/race/202608030310/
202608030311,2026-05-02,京都,11,course_meta_missing,https://db.netkeiba.com/race/202608030311/
202604010202,2026-05-03,新潟,2,course_meta_missing,https://db.netkeiba.com/race/202604010202/
202604010203,2026-05-03,新潟,3,course_meta_missing,https://db.netkeiba.com/race/202604010203/
202604010206,2026-05-03,新潟,6,course_meta_missing,https://db.netkeiba.com/race/202604010206/
202604010211,2026-05-03,新潟,11,course_meta_missing,https://db.netkeiba.com/race/202604010211/
202605020401,2026-05-03,東京,1,course_meta_missing,https://db.netkeiba.com/race/202605020401/
202604010209,2026-05-03,新潟,9,course_meta_missing,https://db.netkeiba.com/race/202604010209/
202604010212,2026-05-03,新潟,12,course_meta_missing,https://db.netkeiba.com/race/202604010212/
202605020402,2026-05-03,東京,2,course_meta_missing,https://db.netkeiba.com/race/202605020402/
202605020403,2026-05-03,東京,3,course_meta_missing,https://db.netkeiba.com/race/202605020403/
202605020406,2026-05-03,東京,6,course_meta_missing,https://db.netkeiba.com/race/202605020406/
202605020407,2026-05-03,東京,7,course_meta_missing,https://db.netkeiba.com/race/202605020407/
202605020410,2026-05-03,東京,10,course_meta_missing,https://db.netkeiba.com/race/202605020410/
202605020412,2026-05-03,東京,12,course_meta_missing,https://db.netkeiba.com/race/202605020412/
202608030402,2026-05-03,京都,2,course_meta_missing,https://db.netkeiba.com/race/202608030402/
202608030401,2026-05-03,京都,1,course_meta_missing,https://db.netkeiba.com/race/202608030401/
202608030403,2026-05-03,京都,3,course_meta_missing,https://db.netkeiba.com/race/202608030403/
202608030406,2026-05-03,京都,6,course_meta_missing,https://db.netkeiba.com/race/202608030406/
202608030409,2026-05-03,京都,9,course_meta_missing,https://db.netkeiba.com/race/202608030409/
202608030412,2026-05-03,京都,12,course_meta_missing,https://db.netkeiba.com/race/202608030412/
202604010302,2026-05-09,新潟,2,course_meta_missing,https://db.netkeiba.com/race/202604010302/
202604010303,2026-05-09,新潟,3,course_meta_missing,https://db.netkeiba.com/race/202604010303/
202604010308,2026-05-09,新潟,8,course_meta_missing,https://db.netkeiba.com/race/202604010308/
202604010307,2026-05-09,新潟,7,course_meta_missing,https://db.netkeiba.com/race/202604010307/
202605020501,2026-05-09,東京,1,course_meta_missing,https://db.netkeiba.com/race/202605020501/
202605020502,2026-05-09,東京,2,course_meta_missing,https://db.netkeiba.com/race/202605020502/
202604010312,2026-05-09,新潟,12,course_meta_missing,https://db.netkeiba.com/race/202604010312/
202605020503,2026-05-09,東京,3,course_meta_missing,https://db.netkeiba.com/race/202605020503/
202605020507,2026-05-09,東京,7,course_meta_missing,https://db.netkeiba.com/race/202605020507/
202605020510,2026-05-09,東京,10,course_meta_missing,https://db.netkeiba.com/race/202605020510/
202608030502,2026-05-09,京都,2,course_meta_missing,https://db.netkeiba.com/race/202608030502/
202605020512,2026-05-09,東京,12,course_meta_missing,https://db.netkeiba.com/race/202605020512/
202608030501,2026-05-09,京都,1,course_meta_missing,https://db.netkeiba.com/race/202608030501/
202608030508,2026-05-09,京都,8,course_meta_missing,https://db.netkeiba.com/race/202608030508/
202608030506,2026-05-09,京都,6,course_meta_missing,https://db.netkeiba.com/race/202608030506/
202608030507,2026-05-09,京都,7,course_meta_missing,https://db.netkeiba.com/race/202608030507/
202608030512,2026-05-09,京都,12,course_meta_missing,https://db.netkeiba.com/race/202608030512/
202604010401,2026-05-10,新潟,1,course_meta_missing,https://db.netkeiba.com/race/202604010401/
202604010402,2026-05-10,新潟,2,course_meta_missing,https://db.netkeiba.com/race/202604010402/
202604010403,2026-05-10,新潟,3,course_meta_missing,https://db.netkeiba.com/race/202604010403/
202604010407,2026-05-10,新潟,7,course_meta_missing,https://db.netkeiba.com/race/202604010407/
202604010408,2026-05-10,新潟,8,course_meta_missing,https://db.netkeiba.com/race/202604010408/
202604010410,2026-05-10,新潟,10,course_meta_missing,https://db.netkeiba.com/race/202604010410/
202605020602,2026-05-10,東京,2,course_meta_missing,https://db.netkeiba.com/race/202605020602/
202605020601,2026-05-10,東京,1,course_meta_missing,https://db.netkeiba.com/race/202605020601/
202605020605,2026-05-10,東京,5,course_meta_missing,https://db.netkeiba.com/race/202605020605/
202605020607,2026-05-10,東京,7,course_meta_missing,https://db.netkeiba.com/race/202605020607/
202605020609,2026-05-10,東京,9,course_meta_missing,https://db.netkeiba.com/race/202605020609/
202605020612,2026-05-10,東京,12,course_meta_missing,https://db.netkeiba.com/race/202605020612/
202608030601,2026-05-10,京都,1,course_meta_missing,https://db.netkeiba.com/race/202608030601/
202608030603,2026-05-10,京都,3,course_meta_missing,https://db.netkeiba.com/race/202608030603/
202608030602,2026-05-10,京都,2,course_meta_missing,https://db.netkeiba.com/race/202608030602/
202608030607,2026-05-10,京都,7,course_meta_missing,https://db.netkeiba.com/race/202608030607/
202608030611,2026-05-10,京都,11,course_meta_missing,https://db.netkeiba.com/race/202608030611/
202604010502,2026-05-16,新潟,2,course_meta_missing,https://db.netkeiba.com/race/202604010502/
202608030612,2026-05-10,京都,12,course_meta_missing,https://db.netkeiba.com/race/202608030612/
202604010501,2026-05-16,新潟,1,course_meta_missing,https://db.netkeiba.com/race/202604010501/
202604010504,2026-05-16,新潟,4,course_meta_missing,https://db.netkeiba.com/race/202604010504/
202604010508,2026-05-16,新潟,8,course_meta_missing,https://db.netkeiba.com/race/202604010508/
202604010507,2026-05-16,新潟,7,course_meta_missing,https://db.netkeiba.com/race/202604010507/
202604010510,2026-05-16,新潟,10,course_meta_missing,https://db.netkeiba.com/race/202604010510/
202605020701,2026-05-16,東京,1,course_meta_missing,https://db.netkeiba.com/race/202605020701/
202605020702,2026-05-16,東京,2,course_meta_missing,https://db.netkeiba.com/race/202605020702/
202605020703,2026-05-16,東京,3,course_meta_missing,https://db.netkeiba.com/race/202605020703/
202605020707,2026-05-16,東京,7,course_meta_missing,https://db.netkeiba.com/race/202605020707/
202605020708,2026-05-16,東京,8,course_meta_missing,https://db.netkeiba.com/race/202605020708/
202605020712,2026-05-16,東京,12,course_meta_missing,https://db.netkeiba.com/race/202605020712/
202605020710,2026-05-16,東京,10,course_meta_missing,https://db.netkeiba.com/race/202605020710/
202608030701,2026-05-16,京都,1,course_meta_missing,https://db.netkeiba.com/race/202608030701/
202608030702,2026-05-16,京都,2,course_meta_missing,https://db.netkeiba.com/race/202608030702/
202608030706,2026-05-16,京都,6,course_meta_missing,https://db.netkeiba.com/race/202608030706/
202608030710,2026-05-16,京都,10,course_meta_missing,https://db.netkeiba.com/race/202608030710/
202608030712,2026-05-16,京都,12,course_meta_missing,https://db.netkeiba.com/race/202608030712/
202604010602,2026-05-17,新潟,2,course_meta_missing,https://db.netkeiba.com/race/202604010602/
202604010603,2026-05-17,新潟,3,course_meta_missing,https://db.netkeiba.com/race/202604010603/
202604010606,2026-05-17,新潟,6,course_meta_missing,https://db.netkeiba.com/race/202604010606/
202604010608,2026-05-17,新潟,8,course_meta_missing,https://db.netkeiba.com/race/202604010608/
202604010612,2026-05-17,新潟,12,course_meta_missing,https://db.netkeiba.com/race/202604010612/
202605020801,2026-05-17,東京,1,course_meta_missing,https://db.netkeiba.com/race/202605020801/
202605020803,2026-05-17,東京,3,course_meta_missing,https://db.netkeiba.com/race/202605020803/
202605020802,2026-05-17,東京,2,course_meta_missing,https://db.netkeiba.com/race/202605020802/
202605020806,2026-05-17,東京,6,course_meta_missing,https://db.netkeiba.com/race/202605020806/
202605020810,2026-05-17,東京,10,course_meta_missing,https://db.netkeiba.com/race/202605020810/
202605020812,2026-05-17,東京,12,course_meta_missing,https://db.netkeiba.com/race/202605020812/
202608030802,2026-05-17,京都,2,course_meta_missing,https://db.netkeiba.com/race/202608030802/
202608030803,2026-05-17,京都,3,course_meta_missing,https://db.netkeiba.com/race/202608030803/
202608030801,2026-05-17,京都,1,course_meta_missing,https://db.netkeiba.com/race/202608030801/
202608030806,2026-05-17,京都,6,course_meta_missing,https://db.netkeiba.com/race/202608030806/
202608030808,2026-05-17,京都,8,course_meta_missing,https://db.netkeiba.com/race/202608030808/
202608030811,2026-05-17,京都,11,course_meta_missing,https://db.netkeiba.com/race/202608030811/
202604010702,2026-05-23,新潟,2,course_meta_missing,https://db.netkeiba.com/race/202604010702/
202604010703,2026-05-23,新潟,3,course_meta_missing,https://db.netkeiba.com/race/202604010703/
202604010706,2026-05-23,新潟,6,course_meta_missing,https://db.netkeiba.com/race/202604010706/
202604010708,2026-05-23,新潟,8,course_meta_missing,https://db.netkeiba.com/race/202604010708/
202604010712,2026-05-23,新潟,12,course_meta_missing,https://db.netkeiba.com/race/202604010712/
202605020902,2026-05-23,東京,2,course_meta_missing,https://db.netkeiba.com/race/202605020902/
202605020901,2026-05-23,東京,1,course_meta_missing,https://db.netkeiba.com/race/202605020901/
202605020903,2026-05-23,東京,3,course_meta_missing,https://db.netkeiba.com/race/202605020903/
202605020906,2026-05-23,東京,6,course_meta_missing,https://db.netkeiba.com/race/202605020906/
202605020908,2026-05-23,東京,8,course_meta_missing,https://db.netkeiba.com/race/202605020908/
202605020912,2026-05-23,東京,12,course_meta_missing,https://db.netkeiba.com/race/202605020912/
202605020911,2026-05-23,東京,11,course_meta_missing,https://db.netkeiba.com/race/202605020911/
202608030901,2026-05-23,京都,1,course_meta_missing,https://db.netkeiba.com/race/202608030901/
202608030902,2026-05-23,京都,2,course_meta_missing,https://db.netkeiba.com/race/202608030902/
202608030906,2026-05-23,京都,6,course_meta_missing,https://db.netkeiba.com/race/202608030906/
202608030907,2026-05-23,京都,7,course_meta_missing,https://db.netkeiba.com/race/202608030907/
202608030911,2026-05-23,京都,11,course_meta_missing,https://db.netkeiba.com/race/202608030911/
202608030912,2026-05-23,京都,12,course_meta_missing,https://db.netkeiba.com/race/202608030912/
202604010802,2026-05-24,新潟,2,course_meta_missing,https://db.netkeiba.com/race/202604010802/
202604010803,2026-05-24,新潟,3,course_meta_missing,https://db.netkeiba.com/race/202604010803/
202604010806,2026-05-24,新潟,6,course_meta_missing,https://db.netkeiba.com/race/202604010806/
202604010807,2026-05-24,新潟,7,course_meta_missing,https://db.netkeiba.com/race/202604010807/
202604010812,2026-05-24,新潟,12,course_meta_missing,https://db.netkeiba.com/race/202604010812/
202604010810,2026-05-24,新潟,10,course_meta_missing,https://db.netkeiba.com/race/202604010810/
202605021001,2026-05-24,東京,1,course_meta_missing,https://db.netkeiba.com/race/202605021001/
202605021002,2026-05-24,東京,2,course_meta_missing,https://db.netkeiba.com/race/202605021002/
202605021003,2026-05-24,東京,3,course_meta_missing,https://db.netkeiba.com/race/202605021003/
202605021006,2026-05-24,東京,6,course_meta_missing,https://db.netkeiba.com/race/202605021006/
202605021008,2026-05-24,東京,8,course_meta_missing,https://db.netkeiba.com/race/202605021008/
202608031001,2026-05-24,京都,1,course_meta_missing,https://db.netkeiba.com/race/202608031001/
202605021012,2026-05-24,東京,12,course_meta_missing,https://db.netkeiba.com/race/202605021012/
202608031002,2026-05-24,京都,2,course_meta_missing,https://db.netkeiba.com/race/202608031002/
202608031006,2026-05-24,京都,6,course_meta_missing,https://db.netkeiba.com/race/202608031006/
202608031010,2026-05-24,京都,10,course_meta_missing,https://db.netkeiba.com/race/202608031010/
202608031008,2026-05-24,京都,8,course_meta_missing,https://db.netkeiba.com/race/202608031008/
202605021101,2026-05-30,東京,1,course_meta_missing,https://db.netkeiba.com/race/202605021101/
202608031012,2026-05-24,京都,12,course_meta_missing,https://db.netkeiba.com/race/202608031012/
202605021106,2026-05-30,東京,6,course_meta_missing,https://db.netkeiba.com/race/202605021106/
202605021108,2026-05-30,東京,8,course_meta_missing,https://db.netkeiba.com/race/202605021108/
202605021109,2026-05-30,東京,9,course_meta_missing,https://db.netkeiba.com/race/202605021109/
202605021111,2026-05-30,東京,11,course_meta_missing,https://db.netkeiba.com/race/202605021111/
202605021112,2026-05-30,東京,12,course_meta_missing,https://db.netkeiba.com/race/202605021112/
202608031101,2026-05-30,京都,1,course_meta_missing,https://db.netkeiba.com/race/202608031101/
202608031102,2026-05-30,京都,2,course_meta_missing,https://db.netkeiba.com/race/202608031102/
202608031106,2026-05-30,京都,6,course_meta_missing,https://db.netkeiba.com/race/202608031106/
202608031109,2026-05-30,京都,9,course_meta_missing,https://db.netkeiba.com/race/202608031109/
202608031110,2026-05-30,京都,10,course_meta_missing,https://db.netkeiba.com/race/202608031110/
202608031112,2026-05-30,京都,12,course_meta_missing,https://db.netkeiba.com/race/202608031112/
202605021201,2026-05-31,東京,1,course_meta_missing,https://db.netkeiba.com/race/202605021201/
202605021205,2026-05-31,東京,5,course_meta_missing,https://db.netkeiba.com/race/202605021205/
202605021203,2026-05-31,東京,3,course_meta_missing,https://db.netkeiba.com/race/202605021203/
202605021202,2026-05-31,東京,2,course_meta_missing,https://db.netkeiba.com/race/202605021202/
202605021207,2026-05-31,東京,7,course_meta_missing,https://db.netkeiba.com/race/202605021207/
202605021209,2026-05-31,東京,9,course_meta_missing,https://db.netkeiba.com/race/202605021209/
202608031202,2026-05-31,京都,2,course_meta_missing,https://db.netkeiba.com/race/202608031202/
202608031201,2026-05-31,京都,1,course_meta_missing,https://db.netkeiba.com/race/202608031201/
202608031206,2026-05-31,京都,6,course_meta_missing,https://db.netkeiba.com/race/202608031206/
202608031203,2026-05-31,京都,3,course_meta_missing,https://db.netkeiba.com/race/202608031203/
202608031209,2026-05-31,京都,9,course_meta_missing,https://db.netkeiba.com/race/202608031209/
202605030102,2026-06-06,東京,2,course_meta_missing,https://db.netkeiba.com/race/202605030102/
202605030103,2026-06-06,東京,3,course_meta_missing,https://db.netkeiba.com/race/202605030103/
202605030106,2026-06-06,東京,6,course_meta_missing,https://db.netkeiba.com/race/202605030106/
202605030108,2026-06-06,東京,8,course_meta_missing,https://db.netkeiba.com/race/202605030108/
202605030111,2026-06-06,東京,11,course_meta_missing,https://db.netkeiba.com/race/202605030111/
202609030101,2026-06-06,阪神,1,course_meta_missing,https://db.netkeiba.com/race/202609030101/
202605030112,2026-06-06,東京,12,course_meta_missing,https://db.netkeiba.com/race/202605030112/
202609030102,2026-06-06,阪神,2,course_meta_missing,https://db.netkeiba.com/race/202609030102/
202609030103,2026-06-06,阪神,3,course_meta_missing,https://db.netkeiba.com/race/202609030103/
202609030106,2026-06-06,阪神,6,course_meta_missing,https://db.netkeiba.com/race/202609030106/
202609030112,2026-06-06,阪神,12,course_meta_missing,https://db.netkeiba.com/race/202609030112/
202609030110,2026-06-06,阪神,10,course_meta_missing,https://db.netkeiba.com/race/202609030110/
202605030201,2026-06-07,東京,1,course_meta_missing,https://db.netkeiba.com/race/202605030201/
202605030203,2026-06-07,東京,3,course_meta_missing,https://db.netkeiba.com/race/202605030203/
202605030202,2026-06-07,東京,2,course_meta_missing,https://db.netkeiba.com/race/202605030202/
202605030206,2026-06-07,東京,6,course_meta_missing,https://db.netkeiba.com/race/202605030206/
202605030207,2026-06-07,東京,7,course_meta_missing,https://db.netkeiba.com/race/202605030207/
202605030212,2026-06-07,東京,12,course_meta_missing,https://db.netkeiba.com/race/202605030212/
202605030210,2026-06-07,東京,10,course_meta_missing,https://db.netkeiba.com/race/202605030210/
202609030204,2026-06-07,阪神,4,course_meta_missing,https://db.netkeiba.com/race/202609030204/
202609030203,2026-06-07,阪神,3,course_meta_missing,https://db.netkeiba.com/race/202609030203/
202609030207,2026-06-07,阪神,7,course_meta_missing,https://db.netkeiba.com/race/202609030207/
202609030209,2026-06-07,阪神,9,course_meta_missing,https://db.netkeiba.com/race/202609030209/
202609030211,2026-06-07,阪神,11,course_meta_missing,https://db.netkeiba.com/race/202609030211/
202602010102,2026-06-13,函館,2,course_meta_missing,https://db.netkeiba.com/race/202602010102/
202609030212,2026-06-07,阪神,12,course_meta_missing,https://db.netkeiba.com/race/202609030212/
202602010103,2026-06-13,函館,3,course_meta_missing,https://db.netkeiba.com/race/202602010103/
202602010108,2026-06-13,函館,8,course_meta_missing,https://db.netkeiba.com/race/202602010108/
202602010106,2026-06-13,函館,6,course_meta_missing,https://db.netkeiba.com/race/202602010106/
202605030301,2026-06-13,東京,1,course_meta_missing,https://db.netkeiba.com/race/202605030301/
202602010112,2026-06-13,函館,12,course_meta_missing,https://db.netkeiba.com/race/202602010112/
202605030303,2026-06-13,東京,3,course_meta_missing,https://db.netkeiba.com/race/202605030303/
202605030309,2026-06-13,東京,9,course_meta_missing,https://db.netkeiba.com/race/202605030309/
202605030307,2026-06-13,東京,7,course_meta_missing,https://db.netkeiba.com/race/202605030307/
202605030312,2026-06-13,東京,12,course_meta_missing,https://db.netkeiba.com/race/202605030312/
202605030310,2026-06-13,東京,10,course_meta_missing,https://db.netkeiba.com/race/202605030310/
202609030301,2026-06-13,阪神,1,course_meta_missing,https://db.netkeiba.com/race/202609030301/
202609030302,2026-06-13,阪神,2,course_meta_missing,https://db.netkeiba.com/race/202609030302/
202609030306,2026-06-13,阪神,6,course_meta_missing,https://db.netkeiba.com/race/202609030306/
202609030307,2026-06-13,阪神,7,course_meta_missing,https://db.netkeiba.com/race/202609030307/
202609030311,2026-06-13,阪神,11,course_meta_missing,https://db.netkeiba.com/race/202609030311/
202609030310,2026-06-13,阪神,10,course_meta_missing,https://db.netkeiba.com/race/202609030310/
202602010202,2026-06-14,函館,2,course_meta_missing,https://db.netkeiba.com/race/202602010202/
202602010203,2026-06-14,函館,3,course_meta_missing,https://db.netkeiba.com/race/202602010203/
202602010207,2026-06-14,函館,7,course_meta_missing,https://db.netkeiba.com/race/202602010207/
202602010210,2026-06-14,函館,10,course_meta_missing,https://db.netkeiba.com/race/202602010210/
202602010212,2026-06-14,函館,12,course_meta_missing,https://db.netkeiba.com/race/202602010212/
202605030401,2026-06-14,東京,1,course_meta_missing,https://db.netkeiba.com/race/202605030401/
202605030402,2026-06-14,東京,2,course_meta_missing,https://db.netkeiba.com/race/202605030402/
202605030404,2026-06-14,東京,4,course_meta_missing,https://db.netkeiba.com/race/202605030404/
202605030406,2026-06-14,東京,6,course_meta_missing,https://db.netkeiba.com/race/202605030406/
202605030408,2026-06-14,東京,8,course_meta_missing,https://db.netkeiba.com/race/202605030408/
202609030401,2026-06-14,阪神,1,course_meta_missing,https://db.netkeiba.com/race/202609030401/
202605030412,2026-06-14,東京,12,course_meta_missing,https://db.netkeiba.com/race/202605030412/
202609030402,2026-06-14,阪神,2,course_meta_missing,https://db.netkeiba.com/race/202609030402/
202609030403,2026-06-14,阪神,3,course_meta_missing,https://db.netkeiba.com/race/202609030403/
202609030406,2026-06-14,阪神,6,course_meta_missing,https://db.netkeiba.com/race/202609030406/
202609030408,2026-06-14,阪神,8,course_meta_missing,https://db.netkeiba.com/race/202609030408/
202609030412,2026-06-14,阪神,12,course_meta_missing,https://db.netkeiba.com/race/202609030412/
202602010302,2026-06-20,函館,2,course_meta_missing,https://db.netkeiba.com/race/202602010302/
202602010306,2026-06-20,函館,6,course_meta_missing,https://db.netkeiba.com/race/202602010306/
202602010304,2026-06-20,函館,4,course_meta_missing,https://db.netkeiba.com/race/202602010304/
202602010308,2026-06-20,函館,8,course_meta_missing,https://db.netkeiba.com/race/202602010308/
202602010312,2026-06-20,函館,12,course_meta_missing,https://db.netkeiba.com/race/202602010312/
202605030501,2026-06-20,東京,1,course_meta_missing,https://db.netkeiba.com/race/202605030501/
202605030502,2026-06-20,東京,2,course_meta_missing,https://db.netkeiba.com/race/202605030502/
202605030507,2026-06-20,東京,7,course_meta_missing,https://db.netkeiba.com/race/202605030507/
202605030506,2026-06-20,東京,6,course_meta_missing,https://db.netkeiba.com/race/202605030506/
202605030512,2026-06-20,東京,12,course_meta_missing,https://db.netkeiba.com/race/202605030512/
202605030511,2026-06-20,東京,11,course_meta_missing,https://db.netkeiba.com/race/202605030511/
202609030502,2026-06-20,阪神,2,course_meta_missing,https://db.netkeiba.com/race/202609030502/
202609030504,2026-06-20,阪神,4,course_meta_missing,https://db.netkeiba.com/race/202609030504/
202609030503,2026-06-20,阪神,3,course_meta_missing,https://db.netkeiba.com/race/202609030503/
202609030508,2026-06-20,阪神,8,course_meta_missing,https://db.netkeiba.com/race/202609030508/
202609030511,2026-06-20,阪神,11,course_meta_missing,https://db.netkeiba.com/race/202609030511/
202602010402,2026-06-21,函館,2,course_meta_missing,https://db.netkeiba.com/race/202602010402/
202602010403,2026-06-21,函館,3,course_meta_missing,https://db.netkeiba.com/race/202602010403/
202602010406,2026-06-21,函館,6,course_meta_missing,https://db.netkeiba.com/race/202602010406/
202602010408,2026-06-21,函館,8,course_meta_missing,https://db.netkeiba.com/race/202602010408/
202602010410,2026-06-21,函館,10,course_meta_missing,https://db.netkeiba.com/race/202602010410/
202605030602,2026-06-21,東京,2,course_meta_missing,https://db.netkeiba.com/race/202605030602/
202605030603,2026-06-21,東京,3,course_meta_missing,https://db.netkeiba.com/race/202605030603/
202605030609,2026-06-21,東京,9,course_meta_missing,https://db.netkeiba.com/race/202605030609/
202605030607,2026-06-21,東京,7,course_meta_missing,https://db.netkeiba.com/race/202605030607/
202605030612,2026-06-21,東京,12,course_meta_missing,https://db.netkeiba.com/race/202605030612/
202609030601,2026-06-21,阪神,1,course_meta_missing,https://db.netkeiba.com/race/202609030601/
202609030603,2026-06-21,阪神,3,course_meta_missing,https://db.netkeiba.com/race/202609030603/
202609030607,2026-06-21,阪神,7,course_meta_missing,https://db.netkeiba.com/race/202609030607/
202609030610,2026-06-21,阪神,10,course_meta_missing,https://db.netkeiba.com/race/202609030610/
202602010502,2026-06-27,函館,2,course_meta_missing,https://db.netkeiba.com/race/202602010502/
202602010503,2026-06-27,函館,3,course_meta_missing,https://db.netkeiba.com/race/202602010503/
202609030612,2026-06-21,阪神,12,course_meta_missing,https://db.netkeiba.com/race/202609030612/
202602010506,2026-06-27,函館,6,course_meta_missing,https://db.netkeiba.com/race/202602010506/
202602010508,2026-06-27,函館,8,course_meta_missing,https://db.netkeiba.com/race/202602010508/
202602010512,2026-06-27,函館,12,course_meta_missing,https://db.netkeiba.com/race/202602010512/
202603020102,2026-06-27,福島,2,course_meta_missing,https://db.netkeiba.com/race/202603020102/
202603020103,2026-06-27,福島,3,course_meta_missing,https://db.netkeiba.com/race/202603020103/
202603020106,2026-06-27,福島,6,course_meta_missing,https://db.netkeiba.com/race/202603020106/
202603020110,2026-06-27,福島,10,course_meta_missing,https://db.netkeiba.com/race/202603020110/
202603020109,2026-06-27,福島,9,course_meta_missing,https://db.netkeiba.com/race/202603020109/
202610020104,2026-06-27,小倉,4,course_meta_missing,https://db.netkeiba.com/race/202610020104/
202610020102,2026-06-27,小倉,2,course_meta_missing,https://db.netkeiba.com/race/202610020102/
202610020107,2026-06-27,小倉,7,course_meta_missing,https://db.netkeiba.com/race/202610020107/
202610020111,2026-06-27,小倉,11,course_meta_missing,https://db.netkeiba.com/race/202610020111/
202602010603,2026-06-28,函館,3,course_meta_missing,https://db.netkeiba.com/race/202602010603/
202602010602,2026-06-28,函館,2,course_meta_missing,https://db.netkeiba.com/race/202602010602/
202602010607,2026-06-28,函館,7,course_meta_missing,https://db.netkeiba.com/race/202602010607/
202602010610,2026-06-28,函館,10,course_meta_missing,https://db.netkeiba.com/race/202602010610/
202603020202,2026-06-28,福島,2,course_meta_missing,https://db.netkeiba.com/race/202603020202/
202603020206,2026-06-28,福島,6,course_meta_missing,https://db.netkeiba.com/race/202603020206/
202603020210,2026-06-28,福島,10,course_meta_missing,https://db.netkeiba.com/race/202603020210/
202603020212,2026-06-28,福島,12,course_meta_missing,https://db.netkeiba.com/race/202603020212/
202610020204,2026-06-28,小倉,4,course_meta_missing,https://db.netkeiba.com/race/202610020204/
202610020207,2026-06-28,小倉,7,course_meta_missing,https://db.netkeiba.com/race/202610020207/
202610020210,2026-06-28,小倉,10,course_meta_missing,https://db.netkeiba.com/race/202610020210/
202610020212,2026-06-28,小倉,12,course_meta_missing,https://db.netkeiba.com/race/202610020212/
202602010703,2026-07-04,函館,3,course_meta_missing,https://db.netkeiba.com/race/202602010703/
202602010705,2026-07-04,函館,5,course_meta_missing,https://db.netkeiba.com/race/202602010705/
202602010706,2026-07-04,函館,6,course_meta_missing,https://db.netkeiba.com/race/202602010706/
202602010710,2026-07-04,函館,10,course_meta_missing,https://db.netkeiba.com/race/202602010710/
202602010712,2026-07-04,函館,12,course_meta_missing,https://db.netkeiba.com/race/202602010712/
202603020303,2026-07-04,福島,3,course_meta_missing,https://db.netkeiba.com/race/202603020303/
202603020308,2026-07-04,福島,8,course_meta_missing,https://db.netkeiba.com/race/202603020308/
202603020306,2026-07-04,福島,6,course_meta_missing,https://db.netkeiba.com/race/202603020306/
202603020310,2026-07-04,福島,10,course_meta_missing,https://db.netkeiba.com/race/202603020310/
202603020311,2026-07-04,福島,11,course_meta_missing,https://db.netkeiba.com/race/202603020311/
202610020304,2026-07-04,小倉,4,course_meta_missing,https://db.netkeiba.com/race/202610020304/
202610020310,2026-07-04,小倉,10,course_meta_missing,https://db.netkeiba.com/race/202610020310/
202610020308,2026-07-04,小倉,8,course_meta_missing,https://db.netkeiba.com/race/202610020308/
202610020306,2026-07-04,小倉,6,course_meta_missing,https://db.netkeiba.com/race/202610020306/
202602010802,2026-07-05,函館,2,course_meta_missing,https://db.netkeiba.com/race/202602010802/
202602010803,2026-07-05,函館,3,course_meta_missing,https://db.netkeiba.com/race/202602010803/
202602010807,2026-07-05,函館,7,course_meta_missing,https://db.netkeiba.com/race/202602010807/
202602010808,2026-07-05,函館,8,course_meta_missing,https://db.netkeiba.com/race/202602010808/
202602010811,2026-07-05,函館,11,course_meta_missing,https://db.netkeiba.com/race/202602010811/
202603020401,2026-07-05,福島,1,course_meta_missing,https://db.netkeiba.com/race/202603020401/
202603020404,2026-07-05,福島,4,course_meta_missing,https://db.netkeiba.com/race/202603020404/
202603020407,2026-07-05,福島,7,course_meta_missing,https://db.netkeiba.com/race/202603020407/
202603020411,2026-07-05,福島,11,course_meta_missing,https://db.netkeiba.com/race/202603020411/
202603020412,2026-07-05,福島,12,course_meta_missing,https://db.netkeiba.com/race/202603020412/
202610020404,2026-07-05,小倉,4,course_meta_missing,https://db.netkeiba.com/race/202610020404/
202610020406,2026-07-05,小倉,6,course_meta_missing,https://db.netkeiba.com/race/202610020406/
202610020410,2026-07-05,小倉,10,course_meta_missing,https://db.netkeiba.com/race/202610020410/
202610020412,2026-07-05,小倉,12,course_meta_missing,https://db.netkeiba.com/race/202610020412/
202602010901,2026-07-11,函館,1,course_meta_missing,https://db.netkeiba.com/race/202602010901/
202602010902,2026-07-11,函館,2,course_meta_missing,https://db.netkeiba.com/race/202602010902/
202602010906,2026-07-11,函館,6,course_meta_missing,https://db.netkeiba.com/race/202602010906/
202602010908,2026-07-11,函館,8,course_meta_missing,https://db.netkeiba.com/race/202602010908/
202602010912,2026-07-11,函館,12,course_meta_missing,https://db.netkeiba.com/race/202602010912/
202603020502,2026-07-11,福島,2,course_meta_missing,https://db.netkeiba.com/race/202603020502/
202603020504,2026-07-11,福島,4,course_meta_missing,https://db.netkeiba.com/race/202603020504/
202603020508,2026-07-11,福島,8,course_meta_missing,https://db.netkeiba.com/race/202603020508/
202603020512,2026-07-11,福島,12,course_meta_missing,https://db.netkeiba.com/race/202603020512/
202610020502,2026-07-11,小倉,2,course_meta_missing,https://db.netkeiba.com/race/202610020502/
202610020504,2026-07-11,小倉,4,course_meta_missing,https://db.netkeiba.com/race/202610020504/
202610020508,2026-07-11,小倉,8,course_meta_missing,https://db.netkeiba.com/race/202610020508/
202610020511,2026-07-11,小倉,11,course_meta_missing,https://db.netkeiba.com/race/202610020511/
202602011001,2026-07-12,函館,1,course_meta_missing,https://db.netkeiba.com/race/202602011001/
202602011003,2026-07-12,函館,3,course_meta_missing,https://db.netkeiba.com/race/202602011003/
202602011007,2026-07-12,函館,7,course_meta_missing,https://db.netkeiba.com/race/202602011007/
202602011008,2026-07-12,函館,8,course_meta_missing,https://db.netkeiba.com/race/202602011008/
202602011010,2026-07-12,函館,10,course_meta_missing,https://db.netkeiba.com/race/202602011010/
202603020602,2026-07-12,福島,2,course_meta_missing,https://db.netkeiba.com/race/202603020602/
202603020606,2026-07-12,福島,6,course_meta_missing,https://db.netkeiba.com/race/202603020606/
202603020610,2026-07-12,福島,10,course_meta_missing,https://db.netkeiba.com/race/202603020610/
202603020612,2026-07-12,福島,12,course_meta_missing,https://db.netkeiba.com/race/202603020612/
202610020602,2026-07-12,小倉,2,course_meta_missing,https://db.netkeiba.com/race/202610020602/
202610020607,2026-07-12,小倉,7,course_meta_missing,https://db.netkeiba.com/race/202610020607/
202610020609,2026-07-12,小倉,9,course_meta_missing,https://db.netkeiba.com/race/202610020609/
202610020611,2026-07-12,小倉,11,course_meta_missing,https://db.netkeiba.com/race/202610020611/
202602011103,2026-07-18,函館,3,course_meta_missing,https://db.netkeiba.com/race/202602011103/
202602011102,2026-07-18,函館,2,course_meta_missing,https://db.netkeiba.com/race/202602011102/
202602011105,2026-07-18,函館,5,course_meta_missing,https://db.netkeiba.com/race/202602011105/
202602011107,2026-07-18,函館,7,course_meta_missing,https://db.netkeiba.com/race/202602011107/
202602011111,2026-07-18,函館,11,course_meta_missing,https://db.netkeiba.com/race/202602011111/
202603020703,2026-07-18,福島,3,course_meta_missing,https://db.netkeiba.com/race/202603020703/
202603020706,2026-07-18,福島,6,course_meta_missing,https://db.netkeiba.com/race/202603020706/
202603020712,2026-07-18,福島,12,course_meta_missing,https://db.netkeiba.com/race/202603020712/
202603020710,2026-07-18,福島,10,course_meta_missing,https://db.netkeiba.com/race/202603020710/
202610020703,2026-07-18,小倉,3,course_meta_missing,https://db.netkeiba.com/race/202610020703/
202610020706,2026-07-18,小倉,6,course_meta_missing,https://db.netkeiba.com/race/202610020706/
202610020710,2026-07-18,小倉,10,course_meta_missing,https://db.netkeiba.com/race/202610020710/
202602011202,2026-07-19,函館,2,course_meta_missing,https://db.netkeiba.com/race/202602011202/
202610020712,2026-07-18,小倉,12,course_meta_missing,https://db.netkeiba.com/race/202610020712/
202602011203,2026-07-19,函館,3,course_meta_missing,https://db.netkeiba.com/race/202602011203/
202602011207,2026-07-19,函館,7,course_meta_missing,https://db.netkeiba.com/race/202602011207/
202602011208,2026-07-19,函館,8,course_meta_missing,https://db.netkeiba.com/race/202602011208/
202602011210,2026-07-19,函館,10,course_meta_missing,https://db.netkeiba.com/race/202602011210/
202603020801,2026-07-19,福島,1,course_meta_missing,https://db.netkeiba.com/race/202603020801/
202603020804,2026-07-19,福島,4,course_meta_missing,https://db.netkeiba.com/race/202603020804/
202603020807,2026-07-19,福島,7,course_meta_missing,https://db.netkeiba.com/race/202603020807/
202603020811,2026-07-19,福島,11,course_meta_missing,https://db.netkeiba.com/race/202603020811/
202610020803,2026-07-19,小倉,3,course_meta_missing,https://db.netkeiba.com/race/202610020803/
202603020812,2026-07-19,福島,12,course_meta_missing,https://db.netkeiba.com/race/202603020812/
202610020806,2026-07-19,小倉,6,course_meta_missing,https://db.netkeiba.com/race/202610020806/
202610020808,2026-07-19,小倉,8,course_meta_missing,https://db.netkeiba.com/race/202610020808/
202610020810,2026-07-19,小倉,10,course_meta_missing,https://db.netkeiba.com/race/202610020810/
202601010101,2026-07-25,札幌,1,course_meta_missing,https://db.netkeiba.com/race/202601010101/
202601010103,2026-07-25,札幌,3,course_meta_missing,https://db.netkeiba.com/race/202601010103/
202601010105,2026-07-25,札幌,5,course_meta_missing,https://db.netkeiba.com/race/202601010105/
202601010108,2026-07-25,札幌,8,course_meta_missing,https://db.netkeiba.com/race/202601010108/
202601010112,2026-07-25,札幌,12,course_meta_missing,https://db.netkeiba.com/race/202601010112/
202604020102,2026-07-25,新潟,2,course_meta_missing,https://db.netkeiba.com/race/202604020102/
202604020104,2026-07-25,新潟,4,course_meta_missing,https://db.netkeiba.com/race/202604020104/
202604020108,2026-07-25,新潟,8,course_meta_missing,https://db.netkeiba.com/race/202604020108/
202604020110,2026-07-25,新潟,10,course_meta_missing,https://db.netkeiba.com/race/202604020110/
202607020101,2026-07-25,中京,1,course_meta_missing,https://db.netkeiba.com/race/202607020101/
202607020104,2026-07-25,中京,4,course_meta_missing,https://db.netkeiba.com/race/202607020104/
202607020106,2026-07-25,中京,6,course_meta_missing,https://db.netkeiba.com/race/202607020106/
202607020109,2026-07-25,中京,9,course_meta_missing,https://db.netkeiba.com/race/202607020109/
202601010201,2026-07-26,札幌,1,course_meta_missing,https://db.netkeiba.com/race/202601010201/
202607020110,2026-07-25,中京,10,course_meta_missing,https://db.netkeiba.com/race/202607020110/
202601010204,2026-07-26,札幌,4,course_meta_missing,https://db.netkeiba.com/race/202601010204/
202601010202,2026-07-26,札幌,2,course_meta_missing,https://db.netkeiba.com/race/202601010202/
202601010207,2026-07-26,札幌,7,course_meta_missing,https://db.netkeiba.com/race/202601010207/
202601010209,2026-07-26,札幌,9,course_meta_missing,https://db.netkeiba.com/race/202601010209/
202604020203,2026-07-26,新潟,3,course_meta_missing,https://db.netkeiba.com/race/202604020203/
202604020205,2026-07-26,新潟,5,course_meta_missing,https://db.netkeiba.com/race/202604020205/
202604020206,2026-07-26,新潟,6,course_meta_missing,https://db.netkeiba.com/race/202604020206/
202604020208,2026-07-26,新潟,8,course_meta_missing,https://db.netkeiba.com/race/202604020208/
202604020210,2026-07-26,新潟,10,course_meta_missing,https://db.netkeiba.com/race/202604020210/
202607020204,2026-07-26,中京,4,course_meta_missing,https://db.netkeiba.com/race/202607020204/
202607020205,2026-07-26,中京,5,course_meta_missing,https://db.netkeiba.com/race/202607020205/
202607020207,2026-07-26,中京,7,course_meta_missing,https://db.netkeiba.com/race/202607020207/
202607020210,2026-07-26,中京,10,course_meta_missing,https://db.netkeiba.com/race/202607020210/
202607020208,2026-07-26,中京,8,course_meta_missing,https://db.netkeiba.com/race/202607020208/
202601010301,2026-08-01,札幌,1,course_meta_missing,https://db.netkeiba.com/race/202601010301/
202601010303,2026-08-01,札幌,3,course_meta_missing,https://db.netkeiba.com/race/202601010303/
202601010306,2026-08-01,札幌,6,course_meta_missing,https://db.netkeiba.com/race/202601010306/
202601010308,2026-08-01,札幌,8,course_meta_missing,https://db.netkeiba.com/race/202601010308/
202601010312,2026-08-01,札幌,12,course_meta_missing,https://db.netkeiba.com/race/202601010312/
202604020304,2026-08-01,新潟,4,course_meta_missing,https://db.netkeiba.com/race/202604020304/
202604020305,2026-08-01,新潟,5,course_meta_missing,https://db.netkeiba.com/race/202604020305/
202604020307,2026-08-01,新潟,7,course_meta_missing,https://db.netkeiba.com/race/202604020307/
202604020309,2026-08-01,新潟,9,course_meta_missing,https://db.netkeiba.com/race/202604020309/
202604020310,2026-08-01,新潟,10,course_meta_missing,https://db.netkeiba.com/race/202604020310/
202607020304,2026-08-01,中京,4,course_meta_missing,https://db.netkeiba.com/race/202607020304/
202607020306,2026-08-01,中京,6,course_meta_missing,https://db.netkeiba.com/race/202607020306/
202607020305,2026-08-01,中京,5,course_meta_missing,https://db.netkeiba.com/race/202607020305/
202607020308,2026-08-01,中京,8,course_meta_missing,https://db.netkeiba.com/race/202607020308/
202607020310,2026-08-01,中京,10,course_meta_missing,https://db.netkeiba.com/race/202607020310/
202601010401,2026-08-02,札幌,1,course_meta_missing,https://db.netkeiba.com/race/202601010401/
202601010403,2026-08-02,札幌,3,course_meta_missing,https://db.netkeiba.com/race/202601010403/
202601010409,2026-08-02,札幌,9,course_meta_missing,https://db.netkeiba.com/race/202601010409/
202601010406,2026-08-02,札幌,6,course_meta_missing,https://db.netkeiba.com/race/202601010406/
202601010410,2026-08-02,札幌,10,course_meta_missing,https://db.netkeiba.com/race/202601010410/
202604020402,2026-08-02,新潟,2,course_meta_missing,https://db.netkeiba.com/race/202604020402/
202604020404,2026-08-02,新潟,4,course_meta_missing,https://db.netkeiba.com/race/202604020404/
202604020406,2026-08-02,新潟,6,course_meta_missing,https://db.netkeiba.com/race/202604020406/
202604020409,2026-08-02,新潟,9,course_meta_missing,https://db.netkeiba.com/race/202604020409/
202604020410,2026-08-02,新潟,10,course_meta_missing,https://db.netkeiba.com/race/202604020410/
202607020402,2026-08-02,中京,2,course_meta_missing,https://db.netkeiba.com/race/202607020402/
202607020404,2026-08-02,中京,4,course_meta_missing,https://db.netkeiba.com/race/202607020404/
202607020405,2026-08-02,中京,5,course_meta_missing,https://db.netkeiba.com/race/202607020405/
202607020408,2026-08-02,中京,8,course_meta_missing,https://db.netkeiba.com/race/202607020408/
202607020407,2026-08-02,中京,7,course_meta_missing,https://db.netkeiba.com/race/202607020407/
202607020410,2026-08-02,中京,10,course_meta_missing,https://db.netkeiba.com/race/202607020410/
202601010501,2026-08-08,札幌,1,course_meta_missing,https://db.netkeiba.com/race/202601010501/
202601010503,2026-08-08,札幌,3,course_meta_missing,https://db.netkeiba.com/race/202601010503/
202601010509,2026-08-08,札幌,9,course_meta_missing,https://db.netkeiba.com/race/202601010509/
202601010507,2026-08-08,札幌,7,course_meta_missing,https://db.netkeiba.com/race/202601010507/
202601010511,2026-08-08,札幌,11,course_meta_missing,https://db.netkeiba.com/race/202601010511/
202604020502,2026-08-08,新潟,2,course_meta_missing,https://db.netkeiba.com/race/202604020502/
202604020504,2026-08-08,新潟,4,course_meta_missing,https://db.netkeiba.com/race/202604020504/
202604020505,2026-08-08,新潟,5,course_meta_missing,https://db.netkeiba.com/race/202604020505/
202604020509,2026-08-08,新潟,9,course_meta_missing,https://db.netkeiba.com/race/202604020509/
202607020504,2026-08-08,中京,4,course_meta_missing,https://db.netkeiba.com/race/202607020504/
202607020503,2026-08-08,中京,3,course_meta_missing,https://db.netkeiba.com/race/202607020503/
202607020507,2026-08-08,中京,7,course_meta_missing,https://db.netkeiba.com/race/202607020507/
202607020508,2026-08-08,中京,8,course_meta_missing,https://db.netkeiba.com/race/202607020508/
202607020510,2026-08-08,中京,10,course_meta_missing,https://db.netkeiba.com/race/202607020510/
202601010601,2026-08-09,札幌,1,course_meta_missing,https://db.netkeiba.com/race/202601010601/
202601010604,2026-08-09,札幌,4,course_meta_missing,https://db.netkeiba.com/race/202601010604/
202601010602,2026-08-09,札幌,2,course_meta_missing,https://db.netkeiba.com/race/202601010602/
202601010608,2026-08-09,札幌,8,course_meta_missing,https://db.netkeiba.com/race/202601010608/
202601010610,2026-08-09,札幌,10,course_meta_missing,https://db.netkeiba.com/race/202601010610/
202604020603,2026-08-09,新潟,3,course_meta_missing,https://db.netkeiba.com/race/202604020603/
202604020604,2026-08-09,新潟,4,course_meta_missing,https://db.netkeiba.com/race/202604020604/
202604020605,2026-08-09,新潟,5,course_meta_missing,https://db.netkeiba.com/race/202604020605/
202604020607,2026-08-09,新潟,7,course_meta_missing,https://db.netkeiba.com/race/202604020607/
202604020609,2026-08-09,新潟,9,course_meta_missing,https://db.netkeiba.com/race/202604020609/
202607020605,2026-08-09,中京,5,course_meta_missing,https://db.netkeiba.com/race/202607020605/
202607020604,2026-08-09,中京,4,course_meta_missing,https://db.netkeiba.com/race/202607020604/
202607020610,2026-08-09,中京,10,course_meta_missing,https://db.netkeiba.com/race/202607020610/
202607020608,2026-08-09,中京,8,course_meta_missing,https://db.netkeiba.com/race/202607020608/
